chapter,link
CONAN chap 1120 [Tiếng Việt],https://kenhsinhvien.vn/t/conan-chap-1120-tieng-viet.898099/
CONAN chap 1118 [Tiếng Việt],https://kenhsinhvien.vn/t/conan-chap-1118-tieng-viet.891263/
CONAN chap 1117 [Tiếng Việt],https://kenhsinhvien.vn/t/conan-chap-1117-tieng-viet.890514/
CONAN chap 1116 [Tiếng Việt],https://kenhsinhvien.vn/t/conan-chap-1116-tieng-viet.889798/
CONAN chap 1115 [Tiếng Việt],https://kenhsinhvien.vn/t/conan-chap-1115-tieng-viet.881884/
CONAN chap 1114 [Tiếng Việt],https://kenhsinhvien.vn/t/conan-chap-1114-tieng-viet.880523/
CONAN chap 1113 [Tiếng Việt],https://kenhsinhvien.vn/t/conan-chap-1113-tieng-viet.879995/
CONAN chap 1112 [Tiếng Việt],https://kenhsinhvien.vn/t/conan-chap-1112-tieng-viet.875633/
CONAN chap 1111 [Tiếng Việt],https://kenhsinhvien.vn/t/conan-chap-1111-tieng-viet.874816/
CONAN chap 1110 [Tiếng Việt],https://kenhsinhvien.vn/t/conan-chap-1110-tieng-viet.874003/
CONAN chap 1109 [Tiếng Việt],https://kenhsinhvien.vn/t/conan-chap-1109-tieng-viet.867824/
CONAN chap 1108 [Tiếng Việt],https://kenhsinhvien.vn/t/conan-chap-1108-tieng-viet.866955/
CONAN chap 1107 [Tiếng Việt],https://kenhsinhvien.vn/t/conan-chap-1107-tieng-viet.866144/
CONAN chap 1106 [Tiếng Việt],https://kenhsinhvien.vn/t/conan-chap-1106-tieng-viet.865583/
CONAN chap 1105 [Tiếng Việt],https://kenhsinhvien.vn/t/conan-chap-1105-tieng-viet.864435/
CONAN chap 1104 [Tiếng Việt],https://kenhsinhvien.vn/t/conan-chap-1104-tieng-viet.862232/
CONAN chap 1103 [Tiếng Việt],https://kenhsinhvien.vn/t/conan-chap-1103-tieng-viet.860697/
CONAN chap 1102 [Tiếng Việt],https://kenhsinhvien.vn/t/conan-chap-1102-tieng-viet.854857/
CONAN chap 1101 [Tiếng Việt],https://kenhsinhvien.vn/t/conan-chap-1101-tieng-viet.854155/
CONAN chap 1100 [Tiếng Việt],https://kenhsinhvien.vn/t/conan-chap-1100-tieng-viet.853247/
CONAN chap 1099 [Tiếng Việt],https://kenhsinhvien.vn/t/conan-chap-1099-tieng-viet.849006/
CONAN chap 1098 [Tiếng Việt],https://kenhsinhvien.vn/t/conan-chap-1098-tieng-viet.848489/
CONAN chap 1097 [Tiếng Việt],https://kenhsinhvien.vn/t/conan-chap-1097-tieng-viet.847054/
CONAN chap 1096 [Tiếng Việt],https://kenhsinhvien.vn/t/conan-chap-1096-tieng-viet.842951/
CONAN chap 1095 [Tiếng Việt],https://kenhsinhvien.vn/t/conan-chap-1095-tieng-viet.841919/
CONAN chap 1094 [Tiếng Việt],https://kenhsinhvien.vn/t/conan-chap-1094-tieng-viet.841816/
CONAN chap 1093 [Tiếng Việt],https://kenhsinhvien.vn/t/conan-chap-1093-tieng-viet.838256/
CONAN chap 1092 [Tiếng Việt],https://kenhsinhvien.vn/t/conan-chap-1092-tieng-viet.837341/
CONAN chap 1091 [Tiếng Việt],https://kenhsinhvien.vn/t/conan-chap-1091-tieng-viet.836354/
CONAN chap 1090 [Tiếng Việt],https://kenhsinhvien.vn/t/conan-chap-1090-tieng-viet.835523/
CONAN chap 1089 [Tiếng Việt],https://kenhsinhvien.vn/t/conan-chap-1089-tieng-viet.833278/
CONAN chap 1088 [Tiếng Việt],https://kenhsinhvien.vn/t/conan-chap-1088-tieng-viet.832871/
CONAN chap 1087 [Tiếng Việt],https://kenhsinhvien.vn/t/conan-chap-1087-tieng-viet.831532/
CONAN chap 1086 [Tiếng Việt],https://kenhsinhvien.vn/t/conan-chap-1086-tieng-viet.829933/
CONAN chap 1085 [Tiếng Việt],https://kenhsinhvien.vn/t/conan-chap-1085-tieng-viet.829488/
CONAN chap 1084 [Tiếng Việt],https://kenhsinhvien.vn/t/conan-chap-1084-tieng-viet.828659/
CONAN chap 1083 [Tiếng Việt],https://kenhsinhvien.vn/t/conan-chap-1083-tieng-viet.825909/
CONAN chap 1082 [Tiếng Việt],https://kenhsinhvien.vn/t/conan-chap-1082-tieng-viet.825111/
CONAN chap 1081 [Tiếng Việt],https://kenhsinhvien.vn/t/conan-chap-1081-tieng-viet.822605/
CONAN chap 1080 [Tiếng Việt],https://kenhsinhvien.vn/t/conan-chap-1080-tieng-viet.822602/
CONAN chap 1079 [Tiếng Việt],https://kenhsinhvien.vn/t/conan-chap-1079-tieng-viet.822600/
CONAN chap 1078 [Tiếng Việt],https://kenhsinhvien.vn/t/conan-chap-1078-tieng-viet.814586/
CONAN chap 1077 [Tiếng Việt],https://kenhsinhvien.vn/t/conan-chap-1077-tieng-viet.814331/
CONAN chap 1076 [Tiếng Việt],https://kenhsinhvien.vn/t/conan-chap-1076-tieng-viet.813763/
CONAN chap 1075 [Tiếng Việt],https://kenhsinhvien.vn/t/conan-chap-1075-tieng-viet.810806/
CONAN chap 1074 [Tiếng Việt],https://kenhsinhvien.vn/t/conan-chap-1074-tieng-viet.810502/
CONAN chap 1073 [Tiếng Việt],https://kenhsinhvien.vn/t/conan-chap-1073-tieng-viet.809815/
CONAN chap 1072 [Tiếng Việt],https://kenhsinhvien.vn/t/conan-chap-1072-tieng-viet.808491/
CONAN chap 1071 [Tiếng Việt],https://kenhsinhvien.vn/t/conan-chap-1071-tieng-viet.807614/
CONAN chap 1070 [Tiếng Việt],https://kenhsinhvien.vn/t/conan-chap-1070-tieng-viet.807108/
CONAN chap 1069 [Tiếng Việt],https://kenhsinhvien.vn/t/conan-chap-1069-tieng-viet.802627/
CONAN chap 1068 [Tiếng Việt],https://kenhsinhvien.vn/t/conan-chap-1068-tieng-viet.802535/
CONAN chap 1067 [Tiếng Việt],https://kenhsinhvien.vn/t/conan-chap-1067-tieng-viet.802147/
CONAN chap 1066 [Tiếng Việt],https://kenhsinhvien.vn/t/conan-chap-1066-tieng-viet.798146/
CONAN chap 1065 [Tiếng Việt],https://kenhsinhvien.vn/t/conan-chap-1065-tieng-viet.795130/
CONAN chap 1064 [Tiếng Việt],https://kenhsinhvien.vn/t/conan-chap-1064-tieng-viet.794290/
CONAN chap 1063 [Tiếng Việt],https://kenhsinhvien.vn/t/conan-chap-1063-tieng-viet.789348/
CONAN chap 1062 [Tiếng Việt],https://kenhsinhvien.vn/t/conan-chap-1062-tieng-viet.787946/
CONAN chap 1061 [Tiếng Việt],https://kenhsinhvien.vn/t/conan-chap-1061-tieng-viet.787248/
CONAN chap 1060 [Tiếng Việt],https://kenhsinhvien.vn/t/conan-chap-1060-tieng-viet.782795/
CONAN chap 1059 [Tiếng Việt],https://kenhsinhvien.vn/t/conan-chap-1059-tieng-viet.781971/
CONAN chap 1058 [Tiếng Việt],https://kenhsinhvien.vn/t/conan-chap-1058-tieng-viet.780375/
CONAN chap 1057 [Tiếng Việt],https://kenhsinhvien.vn/t/conan-chap-1057-tieng-viet.778862/
CONAN chap 1056 [Tiếng Việt],https://kenhsinhvien.vn/t/conan-chap-1056-tieng-viet.777828/
CONAN chap 1055 [Tiếng Việt],https://kenhsinhvien.vn/t/conan-chap-1055-tieng-viet.776281/
CONAN chap 1054 [Tiếng Việt],https://kenhsinhvien.vn/t/conan-chap-1054-tieng-viet.768500/
CONAN chap 1053 [Tiếng Việt],https://kenhsinhvien.vn/t/conan-chap-1053-tieng-viet.767290/
CONAN chap 1052 [Tiếng Việt],https://kenhsinhvien.vn/t/conan-chap-1052-tieng-viet.766435/
CONAN chap 1051 [Tiếng Việt],https://kenhsinhvien.vn/t/conan-chap-1051-tieng-viet.765319/
CONAN chap 1050 [Tiếng Việt],https://kenhsinhvien.vn/t/conan-chap-1050-tieng-viet.762294/
CONAN chap 1049 [Tiếng Việt],https://kenhsinhvien.vn/t/conan-chap-1049-tieng-viet.760865/
CONAN chap 1048 [Tiếng Việt],https://kenhsinhvien.vn/t/conan-chap-1048-tieng-viet.759900/
CONAN chap 1047 [Tiếng Việt],https://kenhsinhvien.vn/t/conan-chap-1047-tieng-viet.758972/
CONAN chap 1046 [Tiếng Việt],https://kenhsinhvien.vn/t/conan-chap-1046-tieng-viet.750870/
CONAN chap 1045 [Tiếng Việt],https://kenhsinhvien.vn/t/conan-chap-1045-tieng-viet.748087/
CONAN chap 1044 [Tiếng Việt],https://kenhsinhvien.vn/t/conan-chap-1044-tieng-viet.746905/
CONAN chap 1043 [Tiếng Việt],https://kenhsinhvien.vn/t/conan-chap-1043-tieng-viet.745519/
CONAN chap 1042 [Tiếng Việt],https://kenhsinhvien.vn/t/conan-chap-1042-tieng-viet.730416/
CONAN chap 1041 [Tiếng Việt],https://kenhsinhvien.vn/t/conan-chap-1041-tieng-viet.729743/
CONAN chap 1040 [Tiếng Việt],https://kenhsinhvien.vn/t/conan-chap-1040-tieng-viet.728401/
CONAN chap 1039 [Tiếng Việt],https://kenhsinhvien.vn/t/conan-chap-1039-tieng-viet.725910/
CONAN chap 1038 [Tiếng Việt],https://kenhsinhvien.vn/t/conan-chap-1038-tieng-viet.720259/
CONAN chap 1037 [Tiếng Việt],https://kenhsinhvien.vn/t/conan-chap-1037-tieng-viet.718575/
CONAN chap 1036 [Tiếng Việt],https://kenhsinhvien.vn/t/conan-chap-1036-tieng-viet.717545/
CONAN chap 1035 [Tiếng Việt],https://kenhsinhvien.vn/t/conan-chap-1035-tieng-viet.716290/
CONAN chap 1034 [Tiếng Việt],https://kenhsinhvien.vn/t/conan-chap-1034-tieng-viet.709410/
CONAN chap 1033 [Tiếng Việt],https://kenhsinhvien.vn/t/conan-chap-1033-tieng-viet.706527/
CONAN chap 1032 [Tiếng Việt],https://kenhsinhvien.vn/t/conan-chap-1032-tieng-viet.702960/
CONAN chap 1031 [Tiếng Việt],https://kenhsinhvien.vn/t/conan-chap-1031-tieng-viet.697524/
CONAN chap 1030 [Tiếng Việt],https://kenhsinhvien.vn/t/conan-chap-1030-tieng-viet.696329/
CONAN chap 1029 [Tiếng Việt],https://kenhsinhvien.vn/t/conan-chap-1029-tieng-viet.694910/
CONAN chap 1028 [Tiếng Việt],https://kenhsinhvien.vn/t/conan-chap-1028-tieng-viet.693825/
CONAN chap 1027 [Tiếng Việt],https://kenhsinhvien.vn/t/conan-chap-1027-tieng-viet.692608/
CONAN chap 1026 [Tiếng Việt],https://kenhsinhvien.vn/t/conan-chap-1026-tieng-viet.689140/
CONAN chap 1025 [Tiếng Việt],https://kenhsinhvien.vn/t/conan-chap-1025-tieng-viet.686881/
CONAN chap 1024 [Tiếng Việt],https://kenhsinhvien.vn/t/conan-chap-1024-tieng-viet.684789/
CONAN chap 1023 [Tiếng Việt],https://kenhsinhvien.vn/t/conan-chap-1023-tieng-viet.684102/
CONAN chap 1022 [Tiếng Việt],https://kenhsinhvien.vn/t/conan-chap-1022-tieng-viet.682696/
CONAN chap 1021 [Tiếng Việt],https://kenhsinhvien.vn/t/conan-chap-1021-tieng-viet.670558/
CONAN chap 1020 [Tiếng Việt],https://kenhsinhvien.vn/t/conan-chap-1020-tieng-viet.669377/
CONAN chap 1019 [Tiếng Việt],https://kenhsinhvien.vn/t/conan-chap-1019-tieng-viet.668223/
CONAN chap 1018 [Tiếng Việt],https://kenhsinhvien.vn/t/conan-chap-1018-tieng-viet.667324/
CONAN chap 1017 [Tiếng Việt],https://kenhsinhvien.vn/t/conan-chap-1017-tieng-viet.659304/
CONAN chap 1016 [Tiếng Việt],https://kenhsinhvien.vn/t/conan-chap-1016-tieng-viet.658008/
CONAN chap 1015 [Tiếng Việt],https://kenhsinhvien.vn/t/conan-chap-1015-tieng-viet.656510/
CONAN chap 1014 [Tiếng Việt],https://kenhsinhvien.vn/t/conan-chap-1014-tieng-viet.655238/
CONAN chap 1013 [Tiếng Việt],https://kenhsinhvien.vn/t/conan-chap-1013-tieng-viet.654058/
CONAN chap 1012 [Tiếng Việt],https://kenhsinhvien.vn/t/conan-chap-1012-tieng-viet.648564/
CONAN chap 1011 [Tiếng Việt],https://kenhsinhvien.vn/t/conan-chap-1011-tieng-viet.647290/
CONAN chap 1010 [Tiếng Việt],https://kenhsinhvien.vn/t/conan-chap-1010-tieng-viet.646206/
CONAN chap 1009 [Tiếng Việt],https://kenhsinhvien.vn/t/conan-chap-1009-tieng-viet.645091/
CONAN chap 1008 [Tiếng Việt],https://kenhsinhvien.vn/t/conan-chap-1008-tieng-viet.627237/
CONAN chap 1007 [Tiếng Việt],https://kenhsinhvien.vn/t/conan-chap-1007-tieng-viet.624692/
CONAN chap 1006 [Tiếng Việt],https://kenhsinhvien.vn/t/conan-chap-1006-tieng-viet.611339/
CONAN chap 1005 [Tiếng Việt],https://kenhsinhvien.vn/t/conan-chap-1005-tieng-viet.606708/
CONAN chap 1004 [Tiếng Việt],https://kenhsinhvien.vn/t/conan-chap-1004-tieng-viet.606686/
CONAN chap 1003 [Tiếng Việt],https://kenhsinhvien.vn/t/conan-chap-1003-tieng-viet.606429/
CONAN chap 1002 [Tiếng Việt],https://kenhsinhvien.vn/t/conan-chap-1002-tieng-viet.602687/
CONAN chap 1001 [Tiếng Việt],https://kenhsinhvien.vn/t/conan-chap-1001-tieng-viet.599604/
CONAN chap 1000 [Tiếng Việt],https://kenhsinhvien.vn/t/conan-chap-1000-tieng-viet.595944/
CONAN chap 999 [Tiếng Việt],https://kenhsinhvien.vn/t/conan-chap-999-tieng-viet.593270/
CONAN chap 998 [Tiếng Việt],https://kenhsinhvien.vn/t/conan-chap-998-tieng-viet.591678/
CONAN chap 997 [Tiếng Việt],https://kenhsinhvien.vn/t/conan-chap-997-tieng-viet.590261/
CONAN chap 996 [Tiếng Việt],https://kenhsinhvien.vn/t/conan-chap-996-tieng-viet.584942/
CONAN chap 995 [Tiếng Việt],https://kenhsinhvien.vn/t/conan-chap-995-tieng-viet.583490/
CONAN chap 994 [Tiếng Việt],https://kenhsinhvien.vn/t/conan-chap-994-tieng-viet.581852/
CONAN chap 993 [Tiếng Việt],https://kenhsinhvien.vn/t/conan-chap-993-tieng-viet.573517/
CONAN chap 992 [Tiếng Việt],https://kenhsinhvien.vn/t/conan-chap-992-tieng-viet.572053/
CONAN chap 991 [Tiếng Việt],https://kenhsinhvien.vn/t/conan-chap-991-tieng-viet.569368/
CONAN chap 990 [Tiếng Việt],https://kenhsinhvien.vn/t/conan-chap-990-tieng-viet.568792/
CONAN chap 989 [Tiếng Việt],https://kenhsinhvien.vn/t/conan-chap-989-tieng-viet.564994/
CONAN chap 988 [Tiếng Việt],https://kenhsinhvien.vn/t/conan-chap-988-tieng-viet.562628/
CONAN chap 987 [Tiếng Việt],https://kenhsinhvien.vn/t/conan-chap-987-tieng-viet.560928/
CONAN chap 986 [Tiếng Việt],https://kenhsinhvien.vn/t/conan-chap-986-tieng-viet.558520/
CONAN chap 985 [Tiếng Việt],https://kenhsinhvien.vn/t/conan-chap-985-tieng-viet.558216/
CONAN chap 984 [Tiếng Việt],https://kenhsinhvien.vn/t/conan-chap-984-tieng-viet.557913/
CONAN chap 983 [Tiế ng Việt],https://kenhsinhvien.vn/t/conan-chap-983-tie-ng-viet.554394/
CONAN chap 982 [Tiếng Việt],https://kenhsinhvien.vn/t/conan-chap-982-tieng-viet.551286/
CONAN chap 981 [Tiếng Việt],https://kenhsinhvien.vn/t/conan-chap-981-tieng-viet.549733/
CONAN chap 980 [Tiếng Việt],https://kenhsinhvien.vn/t/conan-chap-980-tieng-viet.547455/
CONAN chap 979 [Tiếng Việt],https://kenhsinhvien.vn/t/conan-chap-979-tieng-viet.543333/
CONAN chap 978 [Tiếng Việt],https://kenhsinhvien.vn/t/conan-chap-978-tieng-viet.541499/
CONAN chap 977 [Tiếng Việt],https://kenhsinhvien.vn/t/conan-chap-977-tieng-viet.537665/
CONAN chap 976 [Tiếng Việt],https://kenhsinhvien.vn/t/conan-chap-976-tieng-viet.535658/
CONAN chap 975 [Tiếng Việt],https://kenhsinhvien.vn/t/conan-chap-975-tieng-viet.533907/
CONAN chap 974 [Tiếng Việt],https://kenhsinhvien.vn/t/conan-chap-974-tieng-viet.529435/
CONAN chap 973 [Tiếng Việt],https://kenhsinhvien.vn/t/conan-chap-973-tieng-viet.526876/
CONAN chap 972 [Tiếng Việt],https://kenhsinhvien.vn/t/conan-chap-972-tieng-viet.523647/
CONAN chap 971 [Tiếng Việt],https://kenhsinhvien.vn/t/conan-chap-971-tieng-viet.518569/
CONAN chap 970 [Tiếng Việt],https://kenhsinhvien.vn/t/conan-chap-970-tieng-viet.514987/
CONAN chap 969 [Tiếng Việt],https://kenhsinhvien.vn/t/conan-chap-969-tieng-viet.509283/
CONAN chap 968 [Tiếng Việt],https://kenhsinhvien.vn/t/conan-chap-968-tieng-viet.503556/
CONAN chap 967 [Tiếng Việt],https://kenhsinhvien.vn/t/conan-chap-967-tieng-viet.502414/
CONAN chap 966 [Tiếng Việt],https://kenhsinhvien.vn/t/conan-chap-966-tieng-viet.500206/
CONAN chap 965 [Tiếng Việt],https://kenhsinhvien.vn/t/conan-chap-965-tieng-viet.496075/
CONAN chap 964 [Tiếng Việt],https://kenhsinhvien.vn/t/conan-chap-964-tieng-viet.493117/
CONAN chap 963 [Tiếng Việt],https://kenhsinhvien.vn/t/conan-chap-963-tieng-viet.490275/
CONAN chap 962 [Tiếng Việt],https://kenhsinhvien.vn/t/conan-chap-962-tieng-viet.486827/
CONAN chap 961 [Tiếng Việt],https://kenhsinhvien.vn/t/conan-chap-961-tieng-viet.484650/
CONAN chap 960 [Tiếng Việt],https://kenhsinhvien.vn/t/conan-chap-960-tieng-viet.481999/
CONAN chap 959 [Tiếng Việt],https://kenhsinhvien.vn/t/conan-chap-959-tieng-viet.477219/
CONAN chap 958 [Tiếng Việt],https://kenhsinhvien.vn/t/conan-chap-958-tieng-viet.473206/
CONAN chap 957 [Tiếng Việt],https://kenhsinhvien.vn/t/conan-chap-957-tieng-viet.470691/
CONAN chap 956 [Tiếng Việt],https://kenhsinhvien.vn/t/conan-chap-956-tieng-viet.469001/
CONAN chap 955 [Tiếng Việt],https://kenhsinhvien.vn/t/conan-chap-955-tieng-viet.467281/
CONAN chap 954 [Tiếng Việt],https://kenhsinhvien.vn/t/conan-chap-954-tieng-viet.465775/
CONAN chap 953 [Tiếng Việt],https://kenhsinhvien.vn/t/conan-chap-953-tieng-viet.464356/
CONAN chap 952 [Tiếng Việt],https://kenhsinhvien.vn/t/conan-chap-952-tieng-viet.462968/
CONAN chap 951 [Tiếng Việt],https://kenhsinhvien.vn/t/conan-chap-951-tieng-viet.461273/
CONAN chap 950 [Tiếng Việt],https://kenhsinhvien.vn/t/conan-chap-950-tieng-viet.458929/
CONAN chap 949 [Tiếng Việt],https://kenhsinhvien.vn/t/conan-chap-949-tieng-viet.457731/
CONAN chap 948 [Tiếng Việt],https://kenhsinhvien.vn/t/conan-chap-948-tieng-viet.457446/
CONAN chap 947 [Tiếng Việt],https://kenhsinhvien.vn/t/conan-chap-947-tieng-viet.455921/
CONAN chap 946 [Tiếng Việt],https://kenhsinhvien.vn/t/conan-chap-946-tieng-viet.455269/
CONAN chap 945 [Tiếng Việt],https://kenhsinhvien.vn/t/conan-chap-945-tieng-viet.452601/
CONAN chap 944 [Tiếng Việt],https://kenhsinhvien.vn/t/conan-chap-944-tieng-viet.450148/
CONAN chap 943 [Tiếng Việt],https://kenhsinhvien.vn/t/conan-chap-943-tieng-viet.448912/
CONAN chap 942 [Tiếng Việt],https://kenhsinhvien.vn/t/conan-chap-942-tieng-viet.447800/
CONAN chap 941 [Tiếng Việt],https://kenhsinhvien.vn/t/conan-chap-941-tieng-viet.446145/
CONAN chap 940 [Tiếng Việt],https://kenhsinhvien.vn/t/conan-chap-940-tieng-viet.444386/
CONAN chap 939 [Tiếng Việt],https://kenhsinhvien.vn/t/conan-chap-939-tieng-viet.442403/
CONAN chap 938 [Tiếng Việt],https://kenhsinhvien.vn/t/conan-chap-938-tieng-viet.439077/
CONAN chap 937 [Tiếng Việt],https://kenhsinhvien.vn/t/conan-chap-937-tieng-viet.437635/
CONAN chap 936 [Tiếng Việt],https://kenhsinhvien.vn/t/conan-chap-936-tieng-viet.436259/
CONAN chap 935 [Tiếng Việt],https://kenhsinhvien.vn/t/conan-chap-935-tieng-viet.434109/
CONAN chap 934 [Tiếng Việt],https://kenhsinhvien.vn/t/conan-chap-934-tieng-viet.433014/
CONAN chap 933 [Tiếng Việt],https://kenhsinhvien.vn/t/conan-chap-933-tieng-viet.431531/
CONAN chap 932 [Tiếng Việt],https://kenhsinhvien.vn/t/conan-chap-932-tieng-viet.430724/
CONAN chap 931 [Tiếng Việt],https://kenhsinhvien.vn/t/conan-chap-931-tieng-viet.429853/
CONAN chap 930 [Tiếng Việt],https://kenhsinhvien.vn/t/conan-chap-930-tieng-viet.427990/
CONAN chap 929 [Tiếng Việt],https://kenhsinhvien.vn/t/conan-chap-929-tieng-viet.427180/
CONAN chap 928 [Tiếng Việt],https://kenhsinhvien.vn/t/conan-chap-928-tieng-viet.426165/
CONAN chap 927 [Tiếng Việt],https://kenhsinhvien.vn/t/conan-chap-927-tieng-viet.423547/
CONAN chap 926 [Tiếng Việt],https://kenhsinhvien.vn/t/conan-chap-926-tieng-viet.421993/
CONAN chap 925 [Tiếng Việt],https://kenhsinhvien.vn/t/conan-chap-925-tieng-viet.421104/
CONAN chap 924 [Tiếng Việt],https://kenhsinhvien.vn/t/conan-chap-924-tieng-viet.403417/
CONAN chap 923 [Tiếng Việt],https://kenhsinhvien.vn/t/conan-chap-923-tieng-viet.402665/
CONAN chap 922 [Tiếng Việt],https://kenhsinhvien.vn/t/conan-chap-922-tieng-viet.400869/
CONAN chap 921 [Tiếng Việt],https://kenhsinhvien.vn/t/conan-chap-921-tieng-viet.399122/
CONAN chap 920 [Tiếng Việt],https://kenhsinhvien.vn/t/conan-chap-920-tieng-viet.386206/
CONAN chap 919 [Tiếng Việt],https://kenhsinhvien.vn/t/conan-chap-919-tieng-viet.381895/
CONAN chap 918 [Tiếng Việt],https://kenhsinhvien.vn/t/conan-chap-918-tieng-viet.380105/
CONAN chap 917 [Tiếng Việt],https://kenhsinhvien.vn/t/conan-chap-917-tieng-viet.379811/
CONAN chap 916 [Tiếng Việt],https://kenhsinhvien.vn/t/conan-chap-916-tieng-viet.377763/
CONAN chap 915 [Tiếng Việt],https://kenhsinhvien.vn/t/conan-chap-915-tieng-viet.377061/
CONAN chap 914 [Tiếng Việt],https://kenhsinhvien.vn/t/conan-chap-914-tieng-viet.375995/
CONAN chap 913 [Tiếng Việt],https://kenhsinhvien.vn/t/conan-chap-913-tieng-viet.375994/
CONAN chap 912 [Tiếng Việt],https://kenhsinhvien.vn/t/conan-chap-912-tieng-viet.375043/
CONAN chap 911 [Tiếng Việt],https://kenhsinhvien.vn/t/conan-chap-911-tieng-viet.374330/
CONAN chap 910 [Tiếng Việt],https://kenhsinhvien.vn/t/conan-chap-910-tieng-viet.373848/
CONAN chap 909 [Tiếng Việt],https://kenhsinhvien.vn/t/conan-chap-909-tieng-viet.373596/
CONAN chap 908 [Tiếng Việt],https://kenhsinhvien.vn/t/conan-chap-908-tieng-viet.371560/
CONAN chap 907 [Tiếng Việt],https://kenhsinhvien.vn/t/conan-chap-907-tieng-viet.371418/
CONAN chap 906 [Tiếng Việt],https://kenhsinhvien.vn/t/conan-chap-906-tieng-viet.370889/
CONAN chap 905 [Tiếng Việt],https://kenhsinhvien.vn/t/conan-chap-905-tieng-viet.370138/
CONAN chap 904 [Tiếng Việt],https://kenhsinhvien.vn/t/conan-chap-904-tieng-viet.369310/
CONAN chap 903 [Tiếng Việt],https://kenhsinhvien.vn/t/conan-chap-903-tieng-viet.368946/
CONAN chap 902 [Tiếng Việt],https://kenhsinhvien.vn/t/conan-chap-902-tieng-viet.368756/
CONAN chap 901 [Tiếng Việt],https://kenhsinhvien.vn/t/conan-chap-901-tieng-viet.368755/
CONAN chap 900 [Tiếng Việt],https://kenhsinhvien.vn/t/conan-chap-900-tieng-viet.367289/
CONAN chap 899 [Tiếng Việt],https://kenhsinhvien.vn/t/conan-chap-899-tieng-viet.366496/
CONAN chap 898 [Tiếng Việt],https://kenhsinhvien.vn/t/conan-chap-898-tieng-viet.366057/
CONAN chap 897 [Tiếng Việt],https://kenhsinhvien.vn/t/conan-chap-897-tieng-viet.365429/
CONAN chap 896 [Tiếng Việt],https://kenhsinhvien.vn/t/conan-chap-896-tieng-viet.365073/
CONAN chap 895 [Tiếng Việt],https://kenhsinhvien.vn/t/conan-chap-895-tieng-viet.364356/
CONAN chap 894 [Tiếng Việt],https://kenhsinhvien.vn/t/conan-chap-894-tieng-viet.363902/
CONAN chap 893 [Tiếng Việt],https://kenhsinhvien.vn/t/conan-chap-893-tieng-viet.363440/
CONAN chap 892 [Tiếng Việt],https://kenhsinhvien.vn/t/conan-chap-892-tieng-viet.362889/
CONAN chap 891 [Tiếng Việt],https://kenhsinhvien.vn/t/conan-chap-891-tieng-viet.362397/
CONAN chap 890 [Tiếng Việt],https://kenhsinhvien.vn/t/conan-chap-890-tieng-viet.360727/
CONAN chap 889 [Tiếng Việt],https://kenhsinhvien.vn/t/conan-chap-889-tieng-viet.358582/
CONAN chap 888 [Tiếng Việt],https://kenhsinhvien.vn/t/conan-chap-888-tieng-viet.356879/
CONAN chap 887 [Tiếng Việt],https://kenhsinhvien.vn/t/conan-chap-887-tieng-viet.356139/
CONAN chap 886 [Tiếng Việt],https://kenhsinhvien.vn/t/conan-chap-886-tieng-viet.356138/
CONAN chap 885 [Tiếng Việt],https://kenhsinhvien.vn/t/conan-chap-885-tieng-viet.352827/
CONAN chap 884 [Tiếng Việt],https://kenhsinhvien.vn/t/conan-chap-884-tieng-viet.349957/
CONAN chap 883 [Tiếng Việt],https://kenhsinhvien.vn/t/conan-chap-883-tieng-viet.346947/
CONAN chap 882 [Tiếng Việt],https://kenhsinhvien.vn/t/conan-chap-882-tieng-viet.343048/
CONAN chap 881 [Tiếng Việt],https://kenhsinhvien.vn/t/conan-chap-881-tieng-viet.339532/
CONAN chap 880 [Tiếng Việt],https://kenhsinhvien.vn/t/conan-chap-880-tieng-viet.336762/
CONAN chap 879 [Tiếng Việt],https://kenhsinhvien.vn/t/conan-chap-879-tieng-viet.334554/
CONAN chap 878 [Tiếng Việt],https://kenhsinhvien.vn/t/conan-chap-878-tieng-viet.326361/
CONAN chap 877 [Tiếng Việt],https://kenhsinhvien.vn/t/conan-chap-877-tieng-viet.324402/
CONAN chap 876 [Tiếng Việt],https://kenhsinhvien.vn/t/conan-chap-876-tieng-viet.320279/
CONAN chap 875 [Tiếng Việt],https://kenhsinhvien.vn/t/conan-chap-875-tieng-viet.317987/
CONAN chap 874 [Tiếng Việt],https://kenhsinhvien.vn/t/conan-chap-874-tieng-viet.315549/
CONAN chap 873 [Tiếng Việt],https://kenhsinhvien.vn/t/conan-chap-873-tieng-viet.312357/
CONAN chap 872 [Tiếng Việt],https://kenhsinhvien.vn/t/conan-chap-872-tieng-viet.309893/
CONAN chap 871 [Tiếng Việt],https://kenhsinhvien.vn/t/conan-chap-871-tieng-viet.302132/
CONAN chap 870 [Tiếng Việt],https://kenhsinhvien.vn/t/conan-chap-870-tieng-viet.299429/
CONAN chap 869 [Tiếng Việt],https://kenhsinhvien.vn/t/conan-chap-869-tieng-viet.295292/
CONAN chap 868 [Tiếng Việt],https://kenhsinhvien.vn/t/conan-chap-868-tieng-viet.285121/
CONAN chap 867 [Tiếng Việt],https://kenhsinhvien.vn/t/conan-chap-867-tieng-viet.276797/
CONAN chap 866 [Tiếng Việt],https://kenhsinhvien.vn/t/conan-chap-866-tieng-viet.268222/
CONAN chap 865 [Tiếng Việt],https://kenhsinhvien.vn/t/conan-chap-865-tieng-viet.261512/
CONAN chap 864 [Tiếng Việt],https://kenhsinhvien.vn/t/conan-chap-864-tieng-viet.244048/
CONAN chap 863 [Tiếng Việt],https://kenhsinhvien.vn/t/conan-chap-863-tieng-viet.215377/
CONAN chap 862 [tiếng việt],https://kenhsinhvien.vn/t/conan-chap-862-tieng-viet.203732/
CONAN chap 861 [Tiếng Việt],https://kenhsinhvien.vn/t/conan-chap-861-tieng-viet.197478/
CONAN chap 860 [Tiếng Việt],https://kenhsinhvien.vn/t/conan-chap-860-tieng-viet.194161/
CONAN chap 859 [Tiếng Việt],https://kenhsinhvien.vn/t/conan-chap-859-tieng-viet.187084/
CONAN chap 858 [Tiếng Việt],https://kenhsinhvien.vn/t/conan-chap-858-tieng-viet.181967/
CONAN chap 857 [Tiếng Việt],https://kenhsinhvien.vn/t/conan-chap-857-tieng-viet.177357/
CONAN chap 856 [Tiếng Việt],https://kenhsinhvien.vn/t/conan-chap-856-tieng-viet.171461/
CONAN chap 855 [Tiếng Việt],https://kenhsinhvien.vn/t/conan-chap-855-tieng-viet.168211/
CONAN chap 854 [Tiếng Việt],https://kenhsinhvien.vn/t/conan-chap-854-tieng-viet.164960/
CONAN chap 853 [Tiếng Việt],https://kenhsinhvien.vn/t/conan-chap-853-tieng-viet.163065/
CONAN chap 852 [Tiếng Việt],https://kenhsinhvien.vn/t/conan-chap-852-tieng-viet.157904/
CONAN chap 851 [Tiếng Việt],https://kenhsinhvien.vn/t/conan-chap-851-tieng-viet.155872/
CONAN chap 850 [Tiếng Việt],https://kenhsinhvien.vn/t/conan-chap-850-tieng-viet.153958/
CONAN chap 849 [Tiếng Việt],https://kenhsinhvien.vn/t/conan-chap-849-tieng-viet.153956/
CONAN chap 848 [Tiếng Việt],https://kenhsinhvien.vn/t/conan-chap-848-tieng-viet.153935/
CONAN chap 847 [Tiếng Việt],https://kenhsinhvien.vn/t/conan-chap-847-tieng-viet.149181/
CONAN chap 846 [Tiếng Việt],https://kenhsinhvien.vn/t/conan-chap-846-tieng-viet.145949/
CONAN chap 845 [Tiếng Việt],https://kenhsinhvien.vn/t/conan-chap-845-tieng-viet.144290/
CONAN chap 844 [Tiếng Việt],https://kenhsinhvien.vn/t/conan-chap-844-tieng-viet.142481/
CONAN chap 843 [Tiếng Việt],https://kenhsinhvien.vn/t/conan-chap-843-tieng-viet.142038/
CONAN chap 842 [Tiếng Việt],https://kenhsinhvien.vn/t/conan-chap-842-tieng-viet.137457/
CONAN chap 841 [Tiếng Việt],https://kenhsinhvien.vn/t/conan-chap-841-tieng-viet.135643/
CONAN chap 840 [Tiếng Việt],https://kenhsinhvien.vn/t/conan-chap-840-tieng-viet.132185/
CONAN chap 839 [Tiếng Việt],https://kenhsinhvien.vn/t/conan-chap-839-tieng-viet.130804/
CONAN chap 838 [Tiếng Việt],https://kenhsinhvien.vn/t/conan-chap-838-tieng-viet.129634/
CONAN chap 837 [Tiếng Việt],https://kenhsinhvien.vn/t/conan-chap-837-tieng-viet.126387/
CONAN chap 836 [Tiếng Việt],https://kenhsinhvien.vn/t/conan-chap-836-tieng-viet.125115/
CONAN chap 835 [Tiếng Việt],https://kenhsinhvien.vn/t/conan-chap-835-tieng-viet.124116/
CONAN chap 834 [Tiếng Việt],https://kenhsinhvien.vn/t/conan-chap-834-tieng-viet.123975/
CONAN chap 833 [Tiếng Việt],https://kenhsinhvien.vn/t/conan-chap-833-tieng-viet.120348/
CONAN chap 832 [Tiếng Việt],https://kenhsinhvien.vn/t/conan-chap-832-tieng-viet.119612/
CONAN chap 831 [Tiếng Việt],https://kenhsinhvien.vn/t/conan-chap-831-tieng-viet.118581/
CONAN chap 830 [Tiếng Việt],https://kenhsinhvien.vn/t/conan-chap-830-tieng-viet.117522/
CONAN chap 829 [Tiếng Việt],https://kenhsinhvien.vn/t/conan-chap-829-tieng-viet.116581/
CONAN chap 828 [Tiếng Việt],https://kenhsinhvien.vn/t/conan-chap-828-tieng-viet.114436/
CONAN chap 827 [Tiếng Việt],https://kenhsinhvien.vn/t/conan-chap-827-tieng-viet.113128/
CONAN chap 826 [Tiếng Việt],https://kenhsinhvien.vn/t/conan-chap-826-tieng-viet.111705/
CONAN chap 825 [Tiếng Việt],https://kenhsinhvien.vn/t/conan-chap-825-tieng-viet.110556/
CONAN chap 824 [Tiếng Việt],https://kenhsinhvien.vn/t/conan-chap-824-tieng-viet.108092/
CONAN chap 823 [Tiếng Việt],https://kenhsinhvien.vn/t/conan-chap-823-tieng-viet.107041/
CONAN chap 822 [Tiếng Việt],https://kenhsinhvien.vn/t/conan-chap-822-tieng-viet.105747/
CONAN chap 821 [Tiếng Việt],https://kenhsinhvien.vn/t/conan-chap-821-tieng-viet.104740/
CONAN chap 820 [Tiếng Việt],https://kenhsinhvien.vn/t/conan-chap-820-tieng-viet.103068/
CONAN chap 819 [Tiếng Việt],https://kenhsinhvien.vn/t/conan-chap-819-tieng-viet.101669/
CONAN chap 818 [Tiếng Việt],https://kenhsinhvien.vn/t/conan-chap-818-tieng-viet.99862/
CONAN chap 817 [Tiếng Việt],https://kenhsinhvien.vn/t/conan-chap-817-tieng-viet.99861/
CONAN chap 816 [Tiếng Việt],https://kenhsinhvien.vn/t/conan-chap-816-tieng-viet.98092/
CONAN chap 815 [Tiếng Việt],https://kenhsinhvien.vn/t/conan-chap-815-tieng-viet.95676/
CONAN chap 814 [Tiếng Việt],https://kenhsinhvien.vn/t/conan-chap-814-tieng-viet.93374/
CONAN chap 813 [Tiếng Việt],https://kenhsinhvien.vn/t/conan-chap-813-tieng-viet.92199/
CONAN chap 812 [Tiếng Việt],https://kenhsinhvien.vn/t/conan-chap-812-tieng-viet.90813/
CONAN chap 811 [Tiếng Việt],https://kenhsinhvien.vn/t/conan-chap-811-tieng-viet.90293/
CONAN chap 810 [Tiếng Việt],https://kenhsinhvien.vn/t/conan-chap-810-tieng-viet.89979/
CONAN chap 809 [Tiếng Việt],https://kenhsinhvien.vn/t/conan-chap-809-tieng-viet.84583/
CONAN chap 808 [Tiếng Việt],https://kenhsinhvien.vn/t/conan-chap-808-tieng-viet.82368/
CONAN chap 807 [Tiếng Việt],https://kenhsinhvien.vn/t/conan-chap-807-tieng-viet.81748/
CONAN chap 806 [Tiếng Việt],https://kenhsinhvien.vn/t/conan-chap-806-tieng-viet.79981/
CONAN chap 805 [Tiếng Việt],https://kenhsinhvien.vn/t/conan-chap-805-tieng-viet.79650/
CONAN chap 804 [Tiếng Việt],https://kenhsinhvien.vn/t/conan-chap-804-tieng-viet.78611/
CONAN chap 803 [Tiếng Việt],https://kenhsinhvien.vn/t/conan-chap-803-tieng-viet.78610/
CONAN chap 802 [Tiếng Việt],https://kenhsinhvien.vn/t/conan-chap-802-tieng-viet.76867/
CONAN chap 801 [Tiếng Việt],https://kenhsinhvien.vn/t/conan-chap-801-tieng-viet.74552/
CONAN chap 800 [Tiếng Việt],https://kenhsinhvien.vn/t/conan-chap-800-tieng-viet.73825/
CONAN chap 799 [Tiếng Việt],https://kenhsinhvien.vn/t/conan-chap-799-tieng-viet.73527/
CONAN chap 798 [Tiếng Việt],https://kenhsinhvien.vn/t/conan-chap-798-tieng-viet.71594/
CONAN chap 797 [Tiếng Việt],https://kenhsinhvien.vn/t/conan-chap-797-tieng-viet.69156/
CONAN chap 796 [Tiếng Việt],https://kenhsinhvien.vn/t/conan-chap-796-tieng-viet.67414/
CONAN chap 795 [Tiếng Việt],https://kenhsinhvien.vn/t/conan-chap-795-tieng-viet.65765/
CONAN chap 794 [Tiếng Việt],https://kenhsinhvien.vn/t/conan-chap-794-tieng-viet.63673/
CONAN chap 793 [Tiếng Việt],https://kenhsinhvien.vn/t/conan-chap-793-tieng-viet.45371/
CONAN chap 792 [Tiếng Việt],https://kenhsinhvien.vn/t/conan-chap-792-tieng-viet.36119/
CONAN chap 791 [Tiếng Việt],https://kenhsinhvien.vn/t/conan-chap-791-tieng-viet.34878/
CONAN chap 790 [Tiếng Việt],https://kenhsinhvien.vn/t/conan-chap-790-tieng-viet.33830/
CONAN chap 789 [Tiếng Việt],https://kenhsinhvien.vn/t/conan-chap-789-tieng-viet.33077/
CONAN chap 788 [Tiếng Việt],https://kenhsinhvien.vn/t/conan-chap-788-tieng-viet.32417/
CONAN chap 787 [Tiếng Việt],https://kenhsinhvien.vn/t/conan-chap-787-tieng-viet.31779/
CONAN chap 786 [Tiếng Việt],https://kenhsinhvien.vn/t/conan-chap-786-tieng-viet.29461/
CONAN chap 785 [Tiếng Việt],https://kenhsinhvien.vn/t/conan-chap-785-tieng-viet.28324/
CONAN chap 784 [Tiếng Việt],https://kenhsinhvien.vn/t/conan-chap-784-tieng-viet.27805/
CONAN chap 783 [Tiếng Việt],https://kenhsinhvien.vn/t/conan-chap-783-tieng-viet.27369/
CONAN chap 782 [Tiếng Việt],https://kenhsinhvien.vn/t/conan-chap-782-tieng-viet.26968/
CONAN chap 781 [Tiếng Việt],https://kenhsinhvien.vn/t/conan-chap-781-tieng-viet.26591/
CONAN chap 780 [Tiếng Việt],https://kenhsinhvien.vn/t/conan-chap-780-tieng-viet.26190/
CONAN chap 779 [Tiếng Việt],https://kenhsinhvien.vn/t/conan-chap-779-tieng-viet.25707/
CONAN chap 778 [Tiếng Việt],https://kenhsinhvien.vn/t/conan-chap-778-tieng-viet.25079/
CONAN chap 777 [Tiếng Việt],https://kenhsinhvien.vn/t/conan-chap-777-tieng-viet.24622/
CONAN chap 776 [Tiếng Việt],https://kenhsinhvien.vn/t/conan-chap-776-tieng-viet.24045/
CONAN chap 775 [Tiếng Việt],https://kenhsinhvien.vn/t/conan-chap-775-tieng-viet.23467/
CONAN chap 774 [Tiếng Việt],https://kenhsinhvien.vn/t/conan-chap-774-tieng-viet.22489/
CONAN chap 773 [Tiếng Việt],https://kenhsinhvien.vn/t/conan-chap-773-tieng-viet.21218/
CONAN chap 772 [Tiếng Việt],https://kenhsinhvien.vn/t/conan-chap-772-tieng-viet.20537/
CONAN chap 771 [Tiếng Việt],https://kenhsinhvien.vn/t/conan-chap-771-tieng-viet.19963/
CONAN chap 770 [Tiếng Việt],https://kenhsinhvien.vn/t/conan-chap-770-tieng-viet.19674/
CONAN chap 769 [Tiếng Việt],https://kenhsinhvien.vn/t/conan-chap-769-tieng-viet.19291/
CONAN chap 768 [Tiếng Việt],https://kenhsinhvien.vn/t/conan-chap-768-tieng-viet.18025/
CONAN chap 767 [Tiếng Việt],https://kenhsinhvien.vn/t/conan-chap-767-tieng-viet.17487/
CONAN chap 766 [Tiếng Việt],https://kenhsinhvien.vn/t/conan-chap-766-tieng-viet.16861/
CONAN chap 765 [Tiếng Việt],https://kenhsinhvien.vn/t/conan-chap-765-tieng-viet.16884/
CONAN chap 764 [Tiếng Việt],https://kenhsinhvien.vn/t/conan-chap-764-tieng-viet.15440/
CONAN chap 763 [Tiếng Việt],https://kenhsinhvien.vn/t/conan-chap-763-tieng-viet.15114/
CONAN chap 762 [Tiếng Việt],https://kenhsinhvien.vn/t/conan-chap-762-tieng-viet.14641/
CONAN chap 761 [Tiếng Việt],https://kenhsinhvien.vn/t/conan-chap-761-tieng-viet.14181/
CONAN chap 760 [Tiếng Việt],https://kenhsinhvien.vn/t/conan-chap-760-tieng-viet.13523/
CONAN chap 759 [Tiếng Việt],https://kenhsinhvien.vn/t/conan-chap-759-tieng-viet.12770/
CONAN chap 758 [Tiếng Việt],https://kenhsinhvien.vn/t/conan-chap-758-tieng-viet.11705/
CONAN chap 757 [Tiếng Việt],https://kenhsinhvien.vn/t/conan-chap-757-tieng-viet.11386/
CONAN chap 756 [Tiếng Việt],https://kenhsinhvien.vn/t/conan-chap-756-tieng-viet.10846/
CONAN chap 755 [Tiếng Việt],https://kenhsinhvien.vn/t/conan-chap-755-tieng-viet.10013/
CONAN chap 754 [Tiếng Việt],https://kenhsinhvien.vn/t/conan-chap-754-tieng-viet.9694/
CONAN chap 753 [Tiếng Việt],https://kenhsinhvien.vn/t/conan-chap-753-tieng-viet.9462/
CONAN chap 752 [Tiếng Việt],https://kenhsinhvien.vn/t/conan-chap-752-tieng-viet.9211/
CONAN chap 751 [Tiếng Việt],https://kenhsinhvien.vn/t/conan-chap-751-tieng-viet.8950/
CONAN chap 750 [Tiếng Việt],https://kenhsinhvien.vn/t/conan-chap-750-tieng-viet.8541/
CONAN chap 749 [Tiếng Việt],https://kenhsinhvien.vn/t/conan-chap-749-tieng-viet.8380/
CONAN chap 748 [Tiếng Việt],https://kenhsinhvien.vn/t/conan-chap-748-tieng-viet.8032/
CONAN chap 747 [Tiếng Việt],https://kenhsinhvien.vn/t/conan-chap-747-tieng-viet.7817/
CONAN chap 746 [Tiếng Việt],https://kenhsinhvien.vn/t/conan-chap-746-tieng-viet.7617/
CONAN chap 745 [Tiếng Việt],https://kenhsinhvien.vn/t/conan-chap-745-tieng-viet.7213/
CONAN chap 744 [Tiếng Việt],https://kenhsinhvien.vn/t/conan-chap-744-tieng-viet.6788/
CONAN chap 743 [Tiếng Việt],https://kenhsinhvien.vn/t/conan-chap-743-tieng-viet.6129/
CONAN chap 742 [Tiếng Việt],https://kenhsinhvien.vn/t/conan-chap-742-tieng-viet.5720/
CONAN chap 741 [Tiếng Việt],https://kenhsinhvien.vn/t/conan-chap-741-tieng-viet.4781/
CONAN chap 740 [Tiếng Việt],https://kenhsinhvien.vn/t/conan-chap-740-tieng-viet.4324/
CONAN chap 739 [Tiếng Việt],https://kenhsinhvien.vn/t/conan-chap-739-tieng-viet.4174/
CONAN chap 738 [Tiếng Việt],https://kenhsinhvien.vn/t/conan-chap-738-tieng-viet.3915/
CONAN chap 737 [Tiếng Việt],https://kenhsinhvien.vn/t/conan-chap-737-tieng-viet.3650/
CONAN chap 736 [Tiếng Việt],https://kenhsinhvien.vn/t/conan-chap-736-tieng-viet.3538/
CONAN chap 735 [Tiếng Việt],https://kenhsinhvien.vn/t/conan-chap-735-tieng-viet.3395/
CONAN chap 734 [Tiếng Việt],https://kenhsinhvien.vn/t/conan-chap-734-tieng-viet.3266/
CONAN chap 733 [Tiếng Việt],https://kenhsinhvien.vn/t/conan-chap-733-tieng-viet.2991/
CONAN chap 732 [Tiếng Việt],https://kenhsinhvien.vn/t/conan-chap-732-tieng-viet.2881/
CONAN chap 731 [Tiếng Việt],https://kenhsinhvien.vn/t/conan-chap-731-tieng-viet.2669/
CONAN chap 730 [Tiếng Việt],https://kenhsinhvien.vn/t/conan-chap-730-tieng-viet.2529/
CONAN chap 729 [Tiếng Việt],https://kenhsinhvien.vn/t/conan-chap-729-tieng-viet.2451/
CONAN chap 728 [Tiếng Việt],https://kenhsinhvien.vn/t/conan-chap-728-tieng-viet.2372/
CONAN chap 727 [Tiếng Việt],https://kenhsinhvien.vn/t/conan-chap-727-tieng-viet.2281/
CONAN chap 726 [Tiếng Việt],https://kenhsinhvien.vn/t/conan-chap-726-tieng-viet.2154/
CONAN chap 725 [Tiếng Việt],https://kenhsinhvien.vn/t/conan-chap-725-tieng-viet.2090/
CONAN chap 724 [Tiếng Việt],https://kenhsinhvien.vn/t/conan-chap-724-tieng-viet.2038/
CONAN chap 723 [Tiếng Việt],https://kenhsinhvien.vn/t/conan-chap-723-tieng-viet.2018/
CONAN chap 722 [Tiếng Việt],https://kenhsinhvien.vn/t/conan-chap-722-tieng-viet.1999/
CONAN chap 721 [Tiếng Việt],https://kenhsinhvien.vn/t/conan-chap-721-tieng-viet.1944/
CONAN chap 720 [Tiếng Việt],https://kenhsinhvien.vn/t/conan-chap-720-tieng-viet.1867/
CONAN chap 719 [Tiếng Việt],https://kenhsinhvien.vn/t/conan-chap-719-tieng-viet.1783/
CONAN chap 718 [Tiếng Việt],https://kenhsinhvien.vn/t/conan-chap-718-tieng-viet.1721/
CONAN chap 717 [Tiếng Việt],https://kenhsinhvien.vn/t/conan-chap-717-tieng-viet.1616/
CONAN chap 716 [Tiếng Việt],https://kenhsinhvien.vn/t/conan-chap-716-tieng-viet.1531/
CONAN chap 715 [Tiếng Việt],https://kenhsinhvien.vn/t/conan-chap-715-tieng-viet.1499/
CONAN chap 714 [Tiếng Việt],https://kenhsinhvien.vn/t/conan-chap-714-tieng-viet.1476/
CONAN chap 713 [Tiếng Việt],https://kenhsinhvien.vn/t/conan-chap-713-tieng-viet.1451/
CONAN chap 712 [Tiếng Việt],https://kenhsinhvien.vn/t/conan-chap-712-tieng-viet.1411/
CONAN chap 711 [Tiếng Việt],https://kenhsinhvien.vn/t/conan-chap-711-tieng-viet.1370/
CONAN chap 710 [Tiếng Việt],https://kenhsinhvien.vn/t/conan-chap-710-tieng-viet.1299/
CONAN chap 709 [Tiếng Việt],https://kenhsinhvien.vn/t/conan-chap-709-tieng-viet.1283/
CONAN chap 708 [Tiếng Việt],https://kenhsinhvien.vn/t/conan-chap-708-tieng-viet.63827/
CONAN chap 707 [Tiếng Việt],https://kenhsinhvien.vn/t/conan-chap-707-tieng-viet.63828/
CONAN chap 706 [Tiếng Việt],https://kenhsinhvien.vn/t/conan-chap-706-tieng-viet.63829/
CONAN chap 705 [Tiếng Việt],https://kenhsinhvien.vn/t/conan-chap-705-tieng-viet.63830/
CONAN chap 704 [Tiếng Việt],https://kenhsinhvien.vn/t/conan-chap-704-tieng-viet.63831/
CONAN chap 703 [Tiếng Việt],https://kenhsinhvien.vn/t/conan-chap-703-tieng-viet.63832/
CONAN chap 702 [Tiếng Việt],https://kenhsinhvien.vn/t/conan-chap-702-tieng-viet.63834/
CONAN chap 701 [Tiếng Việt],https://kenhsinhvien.vn/t/conan-chap-701-tieng-viet.63835/
CONAN chap 700 [Tiếng Việt],https://kenhsinhvien.vn/t/conan-chap-700-tieng-viet.1282/
CONAN chap 699 [Tiếng Việt],https://kenhsinhvien.vn/t/conan-chap-699-tieng-viet.371791/
CONAN chap 698 [Tiếng Việt],https://kenhsinhvien.vn/t/conan-chap-698-tieng-viet.767772/
CONAN chap 697 [Tiếng Việt],https://kenhsinhvien.vn/t/conan-chap-697-tieng-viet.767771/
CONAN chap 696 [Tiếng Việt],https://kenhsinhvien.vn/t/conan-chap-696-tieng-viet.767769/
CONAN chap 695 [Tiếng Việt],https://kenhsinhvien.vn/t/conan-chap-695-tieng-viet.767768/
CONAN chap 694 [Tiếng Việt],https://kenhsinhvien.vn/t/conan-chap-694-tieng-viet.767767/
CONAN chap 693 [Tiếng Việt],https://kenhsinhvien.vn/t/conan-chap-693-tieng-viet.767766/
CONAN chap 692 [Tiếng Việt],https://kenhsinhvien.vn/t/conan-chap-692-tieng-viet.767765/
CONAN chap 691 [Tiếng Việt],https://kenhsinhvien.vn/t/conan-chap-691-tieng-viet.767764/
CONAN chap 690 [Tiếng Việt],https://kenhsinhvien.vn/t/conan-chap-690-tieng-viet.767763/
CONAN chap 689 [Tiếng Việt],https://kenhsinhvien.vn/t/conan-chap-689-tieng-viet.767762/
CONAN chap 688 [Tiếng Việt],https://kenhsinhvien.vn/t/conan-chap-688-tieng-viet.767761/
CONAN chap 687 [Tiếng Việt],https://kenhsinhvien.vn/t/conan-chap-687-tieng-viet.767760/
CONAN chap 686 [Tiếng Việt],https://kenhsinhvien.vn/t/conan-chap-686-tieng-viet.767759/
CONAN chap 685 [Tiếng Việt],https://kenhsinhvien.vn/t/conan-chap-685-tieng-viet.767757/
CONAN chap 684 [Tiếng Việt],https://kenhsinhvien.vn/t/conan-chap-684-tieng-viet.767756/
CONAN chap 683 [Tiếng Việt],https://kenhsinhvien.vn/t/conan-chap-683-tieng-viet.767755/
CONAN chap 682 [Tiếng Việt],https://kenhsinhvien.vn/t/conan-chap-682-tieng-viet.767754/
CONAN chap 681 [Tiếng Việt],https://kenhsinhvien.vn/t/conan-chap-681-tieng-viet.767753/
CONAN chap 680 [Tiếng Việt],https://kenhsinhvien.vn/t/conan-chap-680-tieng-viet.767752/
CONAN chap 679 [Tiếng Việt],https://kenhsinhvien.vn/t/conan-chap-679-tieng-viet.767751/
CONAN chap 678 [Tiếng Việt],https://kenhsinhvien.vn/t/conan-chap-678-tieng-viet.767750/
CONAN chap 677 [Tiếng Việt],https://kenhsinhvien.vn/t/conan-chap-677-tieng-viet.767749/
CONAN chap 676 [Tiếng Việt],https://kenhsinhvien.vn/t/conan-chap-676-tieng-viet.767748/
CONAN chap 675 [Tiếng Việt],https://kenhsinhvien.vn/t/conan-chap-675-tieng-viet.767747/
CONAN chap 674 [Tiếng Việt],https://kenhsinhvien.vn/t/conan-chap-674-tieng-viet.767745/
CONAN chap 673 [Tiếng Việt],https://kenhsinhvien.vn/t/conan-chap-673-tieng-viet.767744/
CONAN chap 672 [Tiếng Việt],https://kenhsinhvien.vn/t/conan-chap-672-tieng-viet.767743/
CONAN chap 671 [Tiếng Việt],https://kenhsinhvien.vn/t/conan-chap-671-tieng-viet.767742/
CONAN chap 670 [Tiếng Việt],https://kenhsinhvien.vn/t/conan-chap-670-tieng-viet.767741/
CONAN chap 669 [Tiếng Việt],https://kenhsinhvien.vn/t/conan-chap-669-tieng-viet.767740/
CONAN chap 668 [Tiếng Việt],https://kenhsinhvien.vn/t/conan-chap-668-tieng-viet.767739/
CONAN chap 667 [Tiếng Việt],https://kenhsinhvien.vn/t/conan-chap-667-tieng-viet.767738/
CONAN chap 666 [Tiếng Việt],https://kenhsinhvien.vn/t/conan-chap-666-tieng-viet.767737/
CONAN chap 665 [Tiếng Việt],https://kenhsinhvien.vn/t/conan-chap-665-tieng-viet.767736/
CONAN chap 664 [Tiếng Việt],https://kenhsinhvien.vn/t/conan-chap-664-tieng-viet.767735/
CONAN chap 663 [Tiếng Việt],https://kenhsinhvien.vn/t/conan-chap-663-tieng-viet.767733/
CONAN chap 662 [Tiếng Việt],https://kenhsinhvien.vn/t/conan-chap-662-tieng-viet.767732/
CONAN chap 661 [Tiếng Việt],https://kenhsinhvien.vn/t/conan-chap-661-tieng-viet.767731/
CONAN chap 660 [Tiếng Việt],https://kenhsinhvien.vn/t/conan-chap-660-tieng-viet.767730/
CONAN chap 659 [Tiếng Việt],https://kenhsinhvien.vn/t/conan-chap-659-tieng-viet.767729/
CONAN chap 658 [Tiếng Việt],https://kenhsinhvien.vn/t/conan-chap-658-tieng-viet.767728/
CONAN chap 657 [Tiếng Việt],https://kenhsinhvien.vn/t/conan-chap-657-tieng-viet.767727/
CONAN chap 656 [Tiếng Việt],https://kenhsinhvien.vn/t/conan-chap-656-tieng-viet.767726/
CONAN chap 655 [Tiếng Việt],https://kenhsinhvien.vn/t/conan-chap-655-tieng-viet.767725/
CONAN chap 654 [Tiếng Việt],https://kenhsinhvien.vn/t/conan-chap-654-tieng-viet.767724/
CONAN chap 653 [Tiếng Việt],https://kenhsinhvien.vn/t/conan-chap-653-tieng-viet.767723/
CONAN chap 652 [Tiếng Việt],https://kenhsinhvien.vn/t/conan-chap-652-tieng-viet.767721/
CONAN chap 651 [Tiếng Việt],https://kenhsinhvien.vn/t/conan-chap-651-tieng-viet.767720/
CONAN chap 650 [Tiếng Việt],https://kenhsinhvien.vn/t/conan-chap-650-tieng-viet.767719/
CONAN chap 649 [Tiếng Việt],https://kenhsinhvien.vn/t/conan-chap-649-tieng-viet.767718/
CONAN chap 648 [Tiếng Việt],https://kenhsinhvien.vn/t/conan-chap-648-tieng-viet.767717/
CONAN chap 647 [Tiếng Việt],https://kenhsinhvien.vn/t/conan-chap-647-tieng-viet.767716/
CONAN chap 646 [Tiếng Việt],https://kenhsinhvien.vn/t/conan-chap-646-tieng-viet.767715/
CONAN chap 645 [Tiếng Việt],https://kenhsinhvien.vn/t/conan-chap-645-tieng-viet.767714/
CONAN chap 644 [Tiếng Việt],https://kenhsinhvien.vn/t/conan-chap-644-tieng-viet.767713/
CONAN chap 643 [Tiếng Việt],https://kenhsinhvien.vn/t/conan-chap-643-tieng-viet.767712/
CONAN chap 642 [Tiếng Việt],https://kenhsinhvien.vn/t/conan-chap-642-tieng-viet.767711/
CONAN chap 641 [Tiếng Việt],https://kenhsinhvien.vn/t/conan-chap-641-tieng-viet.767709/
CONAN chap 640 [Tiếng Việt],https://kenhsinhvien.vn/t/conan-chap-640-tieng-viet.767708/
CONAN chap 639 [Tiếng Việt],https://kenhsinhvien.vn/t/conan-chap-639-tieng-viet.767707/
CONAN chap 638 [Tiếng Việt],https://kenhsinhvien.vn/t/conan-chap-638-tieng-viet.767706/
CONAN chap 637 [Tiếng Việt],https://kenhsinhvien.vn/t/conan-chap-637-tieng-viet.767705/
CONAN chap 636 [Tiếng Việt],https://kenhsinhvien.vn/t/conan-chap-636-tieng-viet.767704/
CONAN chap 635 [Tiếng Việt],https://kenhsinhvien.vn/t/conan-chap-635-tieng-viet.767703/
CONAN chap 634 [Tiếng Việt],https://kenhsinhvien.vn/t/conan-chap-634-tieng-viet.767702/
CONAN chap 633 [Tiếng Việt],https://kenhsinhvien.vn/t/conan-chap-633-tieng-viet.767701/
CONAN chap 632 [Tiếng Việt],https://kenhsinhvien.vn/t/conan-chap-632-tieng-viet.767700/
CONAN chap 631 [Tiếng Việt],https://kenhsinhvien.vn/t/conan-chap-631-tieng-viet.767699/
CONAN chap 630 [Tiếng Việt],https://kenhsinhvien.vn/t/conan-chap-630-tieng-viet.767690/
CONAN chap 629 [Tiếng Việt],https://kenhsinhvien.vn/t/conan-chap-629-tieng-viet.767691/
CONAN chap 628 [Tiếng Việt],https://kenhsinhvien.vn/t/conan-chap-628-tieng-viet.767697/
CONAN chap 627 [Tiếng Việt],https://kenhsinhvien.vn/t/conan-chap-627-tieng-viet.767696/
CONAN chap 626 [Tiếng Việt],https://kenhsinhvien.vn/t/conan-chap-626-tieng-viet.767695/
CONAN chap 625 [Tiếng Việt],https://kenhsinhvien.vn/t/conan-chap-625-tieng-viet.767694/
CONAN chap 624 [Tiếng Việt],https://kenhsinhvien.vn/t/conan-chap-624-tieng-viet.767693/
CONAN chap 623 [Tiếng Việt],https://kenhsinhvien.vn/t/conan-chap-623-tieng-viet.767692/
CONAN chap 622 [Tiếng Việt],https://kenhsinhvien.vn/t/conan-chap-622-tieng-viet.767689/
CONAN chap 621 [Tiếng Việt],https://kenhsinhvien.vn/t/conan-chap-621-tieng-viet.767688/
CONAN chap 620 [Tiếng Việt],https://kenhsinhvien.vn/t/conan-chap-620-tieng-viet.767687/
CONAN chap 619 [Tiếng Việt],https://kenhsinhvien.vn/t/conan-chap-619-tieng-viet.767686/
CONAN chap 618 [Tiếng Việt],https://kenhsinhvien.vn/t/conan-chap-618-tieng-viet.767684/
CONAN chap 617 [Tiếng Việt],https://kenhsinhvien.vn/t/conan-chap-617-tieng-viet.767683/
CONAN chap 616 [Tiếng Việt],https://kenhsinhvien.vn/t/conan-chap-616-tieng-viet.767682/
CONAN chap 615 [Tiếng Việt],https://kenhsinhvien.vn/t/conan-chap-615-tieng-viet.767681/
CONAN chap 614 [Tiếng Việt],https://kenhsinhvien.vn/t/conan-chap-614-tieng-viet.767680/
CONAN chap 613 [Tiếng Việt],https://kenhsinhvien.vn/t/conan-chap-613-tieng-viet.767679/
CONAN chap 612 [Tiếng Việt],https://kenhsinhvien.vn/t/conan-chap-612-tieng-viet.767678/
CONAN chap 611 [Tiếng Việt],https://kenhsinhvien.vn/t/conan-chap-611-tieng-viet.767677/
CONAN chap 610 [Tiếng Việt],https://kenhsinhvien.vn/t/conan-chap-610-tieng-viet.767676/
CONAN chap 609 [Tiếng Việt],https://kenhsinhvien.vn/t/conan-chap-609-tieng-viet.767675/
CONAN chap 608 [Tiếng Việt],https://kenhsinhvien.vn/t/conan-chap-608-tieng-viet.767674/
CONAN chap 607 [Tiếng Việt],https://kenhsinhvien.vn/t/conan-chap-607-tieng-viet.767673/
CONAN chap 606 [Tiếng Việt],https://kenhsinhvien.vn/t/conan-chap-606-tieng-viet.767672/
CONAN chap 605 [Tiếng Việt],https://kenhsinhvien.vn/t/conan-chap-605-tieng-viet.767671/
CONAN chap 604 [Tiếng Việt],https://kenhsinhvien.vn/t/conan-chap-604-tieng-viet.767670/
CONAN chap 603 [Tiếng Việt],https://kenhsinhvien.vn/t/conan-chap-603-tieng-viet.767669/
CONAN chap 602 [Tiếng Việt],https://kenhsinhvien.vn/t/conan-chap-602-tieng-viet.767668/
CONAN chap 601 [Tiếng Việt],https://kenhsinhvien.vn/t/conan-chap-601-tieng-viet.767667/
CONAN chap 600 [Tiếng Việt],https://kenhsinhvien.vn/t/conan-chap-600-tieng-viet.767666/
CONAN chap 599 [Tiếng Việt],https://kenhsinhvien.vn/t/conan-chap-599-tieng-viet.767665/
CONAN chap 598 [Tiếng Việt],https://kenhsinhvien.vn/t/conan-chap-598-tieng-viet.767664/
CONAN chap 597 [Tiếng Việt],https://kenhsinhvien.vn/t/conan-chap-597-tieng-viet.767663/
CONAN chap 596 [Tiếng Việt],https://kenhsinhvien.vn/t/conan-chap-596-tieng-viet.767662/
CONAN chap 595 [Tiếng Việt],https://kenhsinhvien.vn/t/conan-chap-595-tieng-viet.767661/
CONAN chap 594 [Tiếng Việt],https://kenhsinhvien.vn/t/conan-chap-594-tieng-viet.767660/
CONAN chap 593 [Tiếng Việt],https://kenhsinhvien.vn/t/conan-chap-593-tieng-viet.767659/
CONAN chap 592 [Tiếng Việt],https://kenhsinhvien.vn/t/conan-chap-592-tieng-viet.767658/
CONAN chap 591 [Tiếng Việt],https://kenhsinhvien.vn/t/conan-chap-591-tieng-viet.767657/
CONAN chap 590 [Tiếng Việt],https://kenhsinhvien.vn/t/conan-chap-590-tieng-viet.767656/
CONAN chap 589 [Tiếng Việt],https://kenhsinhvien.vn/t/conan-chap-589-tieng-viet.767655/
CONAN chap 588 [Tiếng Việt],https://kenhsinhvien.vn/t/conan-chap-588-tieng-viet.767654/
CONAN chap 587 [Tiếng Việt],https://kenhsinhvien.vn/t/conan-chap-587-tieng-viet.767653/
CONAN chap 586 [Tiếng Việt],https://kenhsinhvien.vn/t/conan-chap-586-tieng-viet.767652/
CONAN chap 585 [Tiếng Việt],https://kenhsinhvien.vn/t/conan-chap-585-tieng-viet.767651/
CONAN chap 584 [Tiếng Việt],https://kenhsinhvien.vn/t/conan-chap-584-tieng-viet.767650/
CONAN chap 583 [Tiếng Việt],https://kenhsinhvien.vn/t/conan-chap-583-tieng-viet.767649/
CONAN chap 582 [Tiếng Việt],https://kenhsinhvien.vn/t/conan-chap-582-tieng-viet.767648/
CONAN chap 581 [Tiếng Việt],https://kenhsinhvien.vn/t/conan-chap-581-tieng-viet.767647/
CONAN chap 580 [Tiếng Việt],https://kenhsinhvien.vn/t/conan-chap-580-tieng-viet.767646/
CONAN chap 579 [Tiếng Việt],https://kenhsinhvien.vn/t/conan-chap-579-tieng-viet.767645/
CONAN chap 578 [Tiếng Việt],https://kenhsinhvien.vn/t/conan-chap-578-tieng-viet.767644/
CONAN chap 577 [Tiếng Việt],https://kenhsinhvien.vn/t/conan-chap-577-tieng-viet.767643/
CONAN chap 576 [Tiếng Việt],https://kenhsinhvien.vn/t/conan-chap-576-tieng-viet.767642/
CONAN chap 575 [Tiếng Việt],https://kenhsinhvien.vn/t/conan-chap-575-tieng-viet.767641/
CONAN chap 574 [Tiếng Việt],https://kenhsinhvien.vn/t/conan-chap-574-tieng-viet.767640/
CONAN chap 573 [Tiếng Việt],https://kenhsinhvien.vn/t/conan-chap-573-tieng-viet.767639/
CONAN chap 572 [Tiếng Việt],https://kenhsinhvien.vn/t/conan-chap-572-tieng-viet.767638/
CONAN chap 571 [Tiếng Việt],https://kenhsinhvien.vn/t/conan-chap-571-tieng-viet.767637/
CONAN chap 570 [Tiếng Việt],https://kenhsinhvien.vn/t/conan-chap-570-tieng-viet.767636/
CONAN chap 569 [Tiếng Việt],https://kenhsinhvien.vn/t/conan-chap-569-tieng-viet.767635/
CONAN chap 568 [Tiếng Việt],https://kenhsinhvien.vn/t/conan-chap-568-tieng-viet.767634/
CONAN chap 567 [Tiếng Việt],https://kenhsinhvien.vn/t/conan-chap-567-tieng-viet.767633/
CONAN chap 566 [Tiếng Việt],https://kenhsinhvien.vn/t/conan-chap-566-tieng-viet.767632/
CONAN chap 565 [Tiếng Việt],https://kenhsinhvien.vn/t/conan-chap-565-tieng-viet.767631/
CONAN chap 564 [Tiếng Việt],https://kenhsinhvien.vn/t/conan-chap-564-tieng-viet.767630/
CONAN chap 563 [Tiếng Việt],https://kenhsinhvien.vn/t/conan-chap-563-tieng-viet.767629/
CONAN chap 562 [Tiếng Việt],https://kenhsinhvien.vn/t/conan-chap-562-tieng-viet.767628/
CONAN chap 561 [Tiếng Việt],https://kenhsinhvien.vn/t/conan-chap-561-tieng-viet.767627/
CONAN chap 560 [Tiếng Việt],https://kenhsinhvien.vn/t/conan-chap-560-tieng-viet.767626/
CONAN chap 559 [Tiếng Việt],https://kenhsinhvien.vn/t/conan-chap-559-tieng-viet.767625/
CONAN chap 558 [Tiếng Việt],https://kenhsinhvien.vn/t/conan-chap-558-tieng-viet.767624/
CONAN chap 557 [Tiếng Việt],https://kenhsinhvien.vn/t/conan-chap-557-tieng-viet.767623/
CONAN chap 556 [Tiếng Việt],https://kenhsinhvien.vn/t/conan-chap-556-tieng-viet.767622/
CONAN chap 555 [Tiếng Việt],https://kenhsinhvien.vn/t/conan-chap-555-tieng-viet.767621/
CONAN chap 554 [Tiếng Việt],https://kenhsinhvien.vn/t/conan-chap-554-tieng-viet.767620/
CONAN chap 553 [Tiếng Việt],https://kenhsinhvien.vn/t/conan-chap-553-tieng-viet.767619/
CONAN chap 552 [Tiếng Việt],https://kenhsinhvien.vn/t/conan-chap-552-tieng-viet.767618/
CONAN chap 551 [Tiếng Việt],https://kenhsinhvien.vn/t/conan-chap-551-tieng-viet.767617/
CONAN chap 550 [Tiếng Việt],https://kenhsinhvien.vn/t/conan-chap-550-tieng-viet.767616/
CONAN chap 549 [Tiếng Việt],https://kenhsinhvien.vn/t/conan-chap-549-tieng-viet.767615/
CONAN chap 548 [Tiếng Việt],https://kenhsinhvien.vn/t/conan-chap-548-tieng-viet.767614/
CONAN chap 547 [Tiếng Việt],https://kenhsinhvien.vn/t/conan-chap-547-tieng-viet.767613/
CONAN chap 546 [Tiếng Việt],https://kenhsinhvien.vn/t/conan-chap-546-tieng-viet.767612/
CONAN chap 545 [Tiếng Việt],https://kenhsinhvien.vn/t/conan-chap-545-tieng-viet.767611/
CONAN chap 544 [Tiếng Việt],https://kenhsinhvien.vn/t/conan-chap-544-tieng-viet.767610/
CONAN chap 543 [Tiếng Việt],https://kenhsinhvien.vn/t/conan-chap-543-tieng-viet.767609/
CONAN chap 542 [Tiếng Việt],https://kenhsinhvien.vn/t/conan-chap-542-tieng-viet.767608/
CONAN chap 541 [Tiếng Việt],https://kenhsinhvien.vn/t/conan-chap-541-tieng-viet.767607/
CONAN chap 540 [Tiếng Việt],https://kenhsinhvien.vn/t/conan-chap-540-tieng-viet.767606/
CONAN chap 539 [Tiếng Việt],https://kenhsinhvien.vn/t/conan-chap-539-tieng-viet.767605/
CONAN chap 538 [Tiếng Việt],https://kenhsinhvien.vn/t/conan-chap-538-tieng-viet.767604/
CONAN chap 537 [Tiếng Việt],https://kenhsinhvien.vn/t/conan-chap-537-tieng-viet.767603/
CONAN chap 536 [Tiếng Việt],https://kenhsinhvien.vn/t/conan-chap-536-tieng-viet.767602/
CONAN chap 535 [Tiếng Việt],https://kenhsinhvien.vn/t/conan-chap-535-tieng-viet.767601/
CONAN chap 534 [Tiếng Việt],https://kenhsinhvien.vn/t/conan-chap-534-tieng-viet.767600/
CONAN chap 533 [Tiếng Việt],https://kenhsinhvien.vn/t/conan-chap-533-tieng-viet.767599/
CONAN chap 532 [Tiếng Việt],https://kenhsinhvien.vn/t/conan-chap-532-tieng-viet.767598/
CONAN chap 531 [Tiếng Việt],https://kenhsinhvien.vn/t/conan-chap-531-tieng-viet.767597/
CONAN chap 530 [Tiếng Việt],https://kenhsinhvien.vn/t/conan-chap-530-tieng-viet.767596/
CONAN chap 529 [Tiếng Việt],https://kenhsinhvien.vn/t/conan-chap-529-tieng-viet.767595/
CONAN chap 528 [Tiếng Việt],https://kenhsinhvien.vn/t/conan-chap-528-tieng-viet.767594/
CONAN chap 527 [Tiếng Việt],https://kenhsinhvien.vn/t/conan-chap-527-tieng-viet.767593/
CONAN chap 526 [Tiếng Việt],https://kenhsinhvien.vn/t/conan-chap-526-tieng-viet.767592/
CONAN chap 525 [Tiếng Việt],https://kenhsinhvien.vn/t/conan-chap-525-tieng-viet.767591/
CONAN chap 524 [Tiếng Việt],https://kenhsinhvien.vn/t/conan-chap-524-tieng-viet.767590/
CONAN chap 523 [Tiếng Việt],https://kenhsinhvien.vn/t/conan-chap-523-tieng-viet.767589/
CONAN chap 522 [Tiếng Việt],https://kenhsinhvien.vn/t/conan-chap-522-tieng-viet.767588/
CONAN chap 521 [Tiếng Việt],https://kenhsinhvien.vn/t/conan-chap-521-tieng-viet.767587/
CONAN chap 520 [Tiếng Việt],https://kenhsinhvien.vn/t/conan-chap-520-tieng-viet.767586/
CONAN chap 519 [Tiếng Việt],https://kenhsinhvien.vn/t/conan-chap-519-tieng-viet.767585/
CONAN chap 518 [Tiếng Việt],https://kenhsinhvien.vn/t/conan-chap-518-tieng-viet.767584/
CONAN chap 517 [Tiếng Việt],https://kenhsinhvien.vn/t/conan-chap-517-tieng-viet.767583/
CONAN chap 516 [Tiếng Việt],https://kenhsinhvien.vn/t/conan-chap-516-tieng-viet.767582/
CONAN chap 515 [Tiếng Việt],https://kenhsinhvien.vn/t/conan-chap-515-tieng-viet.767581/
CONAN chap 514 [Tiếng Việt],https://kenhsinhvien.vn/t/conan-chap-514-tieng-viet.767580/
CONAN chap 513 [Tiếng Việt],https://kenhsinhvien.vn/t/conan-chap-513-tieng-viet.767579/
CONAN chap 512 [Tiếng Việt],https://kenhsinhvien.vn/t/conan-chap-512-tieng-viet.767578/
CONAN chap 511 [Tiếng Việt],https://kenhsinhvien.vn/t/conan-chap-511-tieng-viet.767577/
CONAN chap 510 [Tiếng Việt],https://kenhsinhvien.vn/t/conan-chap-510-tieng-viet.767576/
CONAN chap 509 [Tiếng Việt],https://kenhsinhvien.vn/t/conan-chap-509-tieng-viet.767575/
CONAN chap 508 [Tiếng Việt],https://kenhsinhvien.vn/t/conan-chap-508-tieng-viet.767574/
CONAN chap 507 [Tiếng Việt],https://kenhsinhvien.vn/t/conan-chap-507-tieng-viet.767573/
CONAN chap 506 [Tiếng Việt],https://kenhsinhvien.vn/t/conan-chap-506-tieng-viet.767572/
CONAN chap 505 [Tiếng Việt],https://kenhsinhvien.vn/t/conan-chap-505-tieng-viet.767571/
CONAN chap 504 [Tiếng Việt],https://kenhsinhvien.vn/t/conan-chap-504-tieng-viet.767570/
CONAN chap 503 [Tiếng Việt],https://kenhsinhvien.vn/t/conan-chap-503-tieng-viet.767569/
CONAN chap 502 [Tiếng Việt],https://kenhsinhvien.vn/t/conan-chap-502-tieng-viet.767568/
CONAN chap 501 [Tiếng Việt],https://kenhsinhvien.vn/t/conan-chap-501-tieng-viet.767567/
CONAN chap 500 [Tiếng Việt],https://kenhsinhvien.vn/t/conan-chap-500-tieng-viet.767566/
CONAN chap 499 [Tiếng Việt],https://kenhsinhvien.vn/t/conan-chap-499-tieng-viet.767565/
CONAN chap 498 [Tiếng Việt],https://kenhsinhvien.vn/t/conan-chap-498-tieng-viet.767564/
CONAN chap 497 [Tiếng Việt],https://kenhsinhvien.vn/t/conan-chap-497-tieng-viet.767563/
CONAN chap 496 [Tiếng Việt],https://kenhsinhvien.vn/t/conan-chap-496-tieng-viet.767562/
CONAN chap 495 [Tiếng Việt],https://kenhsinhvien.vn/t/conan-chap-495-tieng-viet.767561/
CONAN chap 494 [Tiếng Việt],https://kenhsinhvien.vn/t/conan-chap-494-tieng-viet.767560/
CONAN chap 493 [Tiếng Việt],https://kenhsinhvien.vn/t/conan-chap-493-tieng-viet.767559/
CONAN chap 492 [Tiếng Việt],https://kenhsinhvien.vn/t/conan-chap-492-tieng-viet.767558/
CONAN chap 491 [Tiếng Việt],https://kenhsinhvien.vn/t/conan-chap-491-tieng-viet.767557/
CONAN chap 490 [Tiếng Việt],https://kenhsinhvien.vn/t/conan-chap-490-tieng-viet.767556/
CONAN chap 489 [Tiếng Việt],https://kenhsinhvien.vn/t/conan-chap-489-tieng-viet.767555/
CONAN chap 488 [Tiếng Việt],https://kenhsinhvien.vn/t/conan-chap-488-tieng-viet.767554/
CONAN chap 487 [Tiếng Việt],https://kenhsinhvien.vn/t/conan-chap-487-tieng-viet.767553/
CONAN chap 486 [Tiếng Việt],https://kenhsinhvien.vn/t/conan-chap-486-tieng-viet.767552/
CONAN chap 485 [Tiếng Việt],https://kenhsinhvien.vn/t/conan-chap-485-tieng-viet.767551/
CONAN chap 484 [Tiếng Việt],https://kenhsinhvien.vn/t/conan-chap-484-tieng-viet.767550/
CONAN chap 483 [Tiếng Việt],https://kenhsinhvien.vn/t/conan-chap-483-tieng-viet.767549/
CONAN chap 482 [Tiếng Việt],https://kenhsinhvien.vn/t/conan-chap-482-tieng-viet.767548/
CONAN chap 481 [Tiếng Việt],https://kenhsinhvien.vn/t/conan-chap-481-tieng-viet.767547/
CONAN chap 480 [Tiếng Việt],https://kenhsinhvien.vn/t/conan-chap-480-tieng-viet.767546/
CONAN chap 479 [Tiếng Việt],https://kenhsinhvien.vn/t/conan-chap-479-tieng-viet.767545/
CONAN chap 478 [Tiếng Việt],https://kenhsinhvien.vn/t/conan-chap-478-tieng-viet.767544/
CONAN chap 477 [Tiếng Việt],https://kenhsinhvien.vn/t/conan-chap-477-tieng-viet.767543/
CONAN chap 476 [Tiếng Việt],https://kenhsinhvien.vn/t/conan-chap-476-tieng-viet.767542/
CONAN chap 475 [Tiếng Việt],https://kenhsinhvien.vn/t/conan-chap-475-tieng-viet.767541/
CONAN chap 474 [Tiếng Việt],https://kenhsinhvien.vn/t/conan-chap-474-tieng-viet.767540/
CONAN chap 473 [Tiếng Việt],https://kenhsinhvien.vn/t/conan-chap-473-tieng-viet.767539/
CONAN chap 472 [Tiếng Việt],https://kenhsinhvien.vn/t/conan-chap-472-tieng-viet.767538/
CONAN chap 471 [Tiếng Việt],https://kenhsinhvien.vn/t/conan-chap-471-tieng-viet.767537/
CONAN chap 470 [Tiếng Việt],https://kenhsinhvien.vn/t/conan-chap-470-tieng-viet.767536/
CONAN chap 469 [Tiếng Việt],https://kenhsinhvien.vn/t/conan-chap-469-tieng-viet.767535/
CONAN chap 468 [Tiếng Việt],https://kenhsinhvien.vn/t/conan-chap-468-tieng-viet.767534/
CONAN chap 467 [Tiếng Việt],https://kenhsinhvien.vn/t/conan-chap-467-tieng-viet.767533/
CONAN chap 466 [Tiếng Việt],https://kenhsinhvien.vn/t/conan-chap-466-tieng-viet.767532/
CONAN chap 465 [Tiếng Việt],https://kenhsinhvien.vn/t/conan-chap-465-tieng-viet.767531/
CONAN chap 464 [Tiếng Việt],https://kenhsinhvien.vn/t/conan-chap-464-tieng-viet.767530/
CONAN chap 463 [Tiếng Việt],https://kenhsinhvien.vn/t/conan-chap-463-tieng-viet.767529/
CONAN chap 462 [Tiếng Việt],https://kenhsinhvien.vn/t/conan-chap-462-tieng-viet.767528/
CONAN chap 461 [Tiếng Việt],https://kenhsinhvien.vn/t/conan-chap-461-tieng-viet.767527/
CONAN chap 460 [Tiếng Việt],https://kenhsinhvien.vn/t/conan-chap-460-tieng-viet.767526/
CONAN chap 459 [Tiếng Việt],https://kenhsinhvien.vn/t/conan-chap-459-tieng-viet.767525/
CONAN chap 458 [Tiếng Việt],https://kenhsinhvien.vn/t/conan-chap-458-tieng-viet.767524/
CONAN chap 457 [Tiếng Việt],https://kenhsinhvien.vn/t/conan-chap-457-tieng-viet.767523/
CONAN chap 456 [Tiếng Việt],https://kenhsinhvien.vn/t/conan-chap-456-tieng-viet.767522/
CONAN chap 455 [Tiếng Việt],https://kenhsinhvien.vn/t/conan-chap-455-tieng-viet.767521/
CONAN chap 454 [Tiếng Việt],https://kenhsinhvien.vn/t/conan-chap-454-tieng-viet.767520/
CONAN chap 453 [Tiếng Việt],https://kenhsinhvien.vn/t/conan-chap-453-tieng-viet.767519/
CONAN chap 452 [Tiếng Việt],https://kenhsinhvien.vn/t/conan-chap-452-tieng-viet.767518/
CONAN chap 451 [Tiếng Việt],https://kenhsinhvien.vn/t/conan-chap-451-tieng-viet.767517/
CONAN chap 450 [Tiếng Việt],https://kenhsinhvien.vn/t/conan-chap-450-tieng-viet.767516/
CONAN chap 449 [Tiếng Việt],https://kenhsinhvien.vn/t/conan-chap-449-tieng-viet.767515/
CONAN chap 448 [Tiếng Việt],https://kenhsinhvien.vn/t/conan-chap-448-tieng-viet.767514/
CONAN chap 447 [Tiếng Việt],https://kenhsinhvien.vn/t/conan-chap-447-tieng-viet.767513/
CONAN chap 446 [Tiếng Việt],https://kenhsinhvien.vn/t/conan-chap-446-tieng-viet.767512/
CONAN chap 445 [Tiếng Việt],https://kenhsinhvien.vn/t/conan-chap-445-tieng-viet.767511/
CONAN chap 444 [Tiếng Việt],https://kenhsinhvien.vn/t/conan-chap-444-tieng-viet.767510/
CONAN chap 443 [Tiếng Việt],https://kenhsinhvien.vn/t/conan-chap-443-tieng-viet.767509/
CONAN chap 442 [Tiếng Việt],https://kenhsinhvien.vn/t/conan-chap-442-tieng-viet.767508/
CONAN chap 441 [Tiếng Việt],https://kenhsinhvien.vn/t/conan-chap-441-tieng-viet.767507/
CONAN chap 440 [Tiếng Việt],https://kenhsinhvien.vn/t/conan-chap-440-tieng-viet.767506/
CONAN chap 439 [Tiếng Việt],https://kenhsinhvien.vn/t/conan-chap-439-tieng-viet.767505/
CONAN chap 438 [Tiếng Việt],https://kenhsinhvien.vn/t/conan-chap-438-tieng-viet.767504/
CONAN chap 437 [Tiếng Việt],https://kenhsinhvien.vn/t/conan-chap-437-tieng-viet.767503/
CONAN chap 436 [Tiếng Việt],https://kenhsinhvien.vn/t/conan-chap-436-tieng-viet.767502/
CONAN chap 435 [Tiếng Việt],https://kenhsinhvien.vn/t/conan-chap-435-tieng-viet.767501/
CONAN chap 434 [Tiếng Việt],https://kenhsinhvien.vn/t/conan-chap-434-tieng-viet.767500/
CONAN chap 433 [Tiếng Việt],https://kenhsinhvien.vn/t/conan-chap-433-tieng-viet.767499/
CONAN chap 432 [Tiếng Việt],https://kenhsinhvien.vn/t/conan-chap-432-tieng-viet.767498/
CONAN chap 431 [Tiếng Việt],https://kenhsinhvien.vn/t/conan-chap-431-tieng-viet.767497/
CONAN chap 430 [Tiếng Việt],https://kenhsinhvien.vn/t/conan-chap-430-tieng-viet.767496/
CONAN chap 429 [Tiếng Việt],https://kenhsinhvien.vn/t/conan-chap-429-tieng-viet.767495/
CONAN chap 428 [Tiếng Việt],https://kenhsinhvien.vn/t/conan-chap-428-tieng-viet.767494/
CONAN chap 427 [Tiếng Việt],https://kenhsinhvien.vn/t/conan-chap-427-tieng-viet.767493/
CONAN chap 426 [Tiếng Việt],https://kenhsinhvien.vn/t/conan-chap-426-tieng-viet.767492/
CONAN chap 425 [Tiếng Việt],https://kenhsinhvien.vn/t/conan-chap-425-tieng-viet.767491/
CONAN chap 424 [Tiếng Việt],https://kenhsinhvien.vn/t/conan-chap-424-tieng-viet.767489/
CONAN chap 423 [Tiếng Việt],https://kenhsinhvien.vn/t/conan-chap-423-tieng-viet.767488/
CONAN chap 422 [Tiếng Việt],https://kenhsinhvien.vn/t/conan-chap-422-tieng-viet.767487/
CONAN chap 421 [Tiếng Việt],https://kenhsinhvien.vn/t/conan-chap-421-tieng-viet.767486/
CONAN chap 420 [Tiếng Việt],https://kenhsinhvien.vn/t/conan-chap-420-tieng-viet.767485/
CONAN chap 419 [Tiếng Việt],https://kenhsinhvien.vn/t/conan-chap-419-tieng-viet.767484/
CONAN chap 418 [Tiếng Việt],https://kenhsinhvien.vn/t/conan-chap-418-tieng-viet.767483/
CONAN chap 417 [Tiếng Việt],https://kenhsinhvien.vn/t/conan-chap-417-tieng-viet.767482/
CONAN chap 416 [Tiếng Việt],https://kenhsinhvien.vn/t/conan-chap-416-tieng-viet.767481/
CONAN chap 415 [Tiếng Việt],https://kenhsinhvien.vn/t/conan-chap-415-tieng-viet.767480/
CONAN chap 414 [Tiếng Việt],https://kenhsinhvien.vn/t/conan-chap-414-tieng-viet.767479/
CONAN chap 413 [Tiếng Việt],https://kenhsinhvien.vn/t/conan-chap-413-tieng-viet.767477/
CONAN chap 412 [Tiếng Việt],https://kenhsinhvien.vn/t/conan-chap-412-tieng-viet.767476/
CONAN chap 411 [Tiếng Việt],https://kenhsinhvien.vn/t/conan-chap-411-tieng-viet.767475/
CONAN chap 410 [Tiếng Việt],https://kenhsinhvien.vn/t/conan-chap-410-tieng-viet.767474/
CONAN chap 409 [Tiếng Việt],https://kenhsinhvien.vn/t/conan-chap-409-tieng-viet.767473/
CONAN chap 408 [Tiếng Việt],https://kenhsinhvien.vn/t/conan-chap-408-tieng-viet.767472/
CONAN chap 407 [Tiếng Việt],https://kenhsinhvien.vn/t/conan-chap-407-tieng-viet.767471/
CONAN chap 406 [Tiếng Việt],https://kenhsinhvien.vn/t/conan-chap-406-tieng-viet.767470/
CONAN chap 405 [Tiếng Việt],https://kenhsinhvien.vn/t/conan-chap-405-tieng-viet.767469/
CONAN chap 404 [Tiếng Việt],https://kenhsinhvien.vn/t/conan-chap-404-tieng-viet.767468/
CONAN chap 403 [Tiếng Việt],https://kenhsinhvien.vn/t/conan-chap-403-tieng-viet.767466/
CONAN chap 402 [Tiếng Việt],https://kenhsinhvien.vn/t/conan-chap-402-tieng-viet.767465/
CONAN chap 401 [Tiếng Việt],https://kenhsinhvien.vn/t/conan-chap-401-tieng-viet.767464/
CONAN chap 400 [Tiếng Việt],https://kenhsinhvien.vn/t/conan-chap-400-tieng-viet.767463/
CONAN chap 399 [Tiếng Việt],https://kenhsinhvien.vn/t/conan-chap-399-tieng-viet.767462/
CONAN chap 398 [Tiếng Việt],https://kenhsinhvien.vn/t/conan-chap-398-tieng-viet.767461/
CONAN chap 397 [Tiếng Việt],https://kenhsinhvien.vn/t/conan-chap-397-tieng-viet.767460/
CONAN chap 396 [Tiếng Việt],https://kenhsinhvien.vn/t/conan-chap-396-tieng-viet.767459/
CONAN chap 395 [Tiếng Việt],https://kenhsinhvien.vn/t/conan-chap-395-tieng-viet.767458/
CONAN chap 394 [Tiếng Việt],https://kenhsinhvien.vn/t/conan-chap-394-tieng-viet.767457/
CONAN chap 393 [Tiếng Việt],https://kenhsinhvien.vn/t/conan-chap-393-tieng-viet.767456/
CONAN chap 392 [Tiếng Việt],https://kenhsinhvien.vn/t/conan-chap-392-tieng-viet.767454/
CONAN chap 391 [Tiếng Việt],https://kenhsinhvien.vn/t/conan-chap-391-tieng-viet.767453/
CONAN chap 390 [Tiếng Việt],https://kenhsinhvien.vn/t/conan-chap-390-tieng-viet.767452/
CONAN chap 389 [Tiếng Việt],https://kenhsinhvien.vn/t/conan-chap-389-tieng-viet.767451/
CONAN chap 388 [Tiếng Việt],https://kenhsinhvien.vn/t/conan-chap-388-tieng-viet.767450/
CONAN chap 387 [Tiếng Việt],https://kenhsinhvien.vn/t/conan-chap-387-tieng-viet.767449/
CONAN chap 386 [Tiếng Việt],https://kenhsinhvien.vn/t/conan-chap-386-tieng-viet.767448/
CONAN chap 385 [Tiếng Việt],https://kenhsinhvien.vn/t/conan-chap-385-tieng-viet.767447/
CONAN chap 384 [Tiếng Việt],https://kenhsinhvien.vn/t/conan-chap-384-tieng-viet.767446/
CONAN chap 383 [Tiếng Việt],https://kenhsinhvien.vn/t/conan-chap-383-tieng-viet.767445/
CONAN chap 382 [Tiếng Việt],https://kenhsinhvien.vn/t/conan-chap-382-tieng-viet.767443/
CONAN chap 381 [Tiếng Việt],https://kenhsinhvien.vn/t/conan-chap-381-tieng-viet.767442/
CONAN chap 380 [Tiếng Việt],https://kenhsinhvien.vn/t/conan-chap-380-tieng-viet.767441/
CONAN chap 379 [Tiếng Việt],https://kenhsinhvien.vn/t/conan-chap-379-tieng-viet.767440/
CONAN chap 378 [Tiếng Việt],https://kenhsinhvien.vn/t/conan-chap-378-tieng-viet.767439/
CONAN chap 377 [Tiếng Việt],https://kenhsinhvien.vn/t/conan-chap-377-tieng-viet.767438/
CONAN chap 376 [Tiếng Việt],https://kenhsinhvien.vn/t/conan-chap-376-tieng-viet.767437/
CONAN chap 375 [Tiếng Việt],https://kenhsinhvien.vn/t/conan-chap-375-tieng-viet.767436/
CONAN chap 374 [Tiếng Việt],https://kenhsinhvien.vn/t/conan-chap-374-tieng-viet.767435/
CONAN chap 373 [Tiếng Việt],https://kenhsinhvien.vn/t/conan-chap-373-tieng-viet.767434/
CONAN chap 372 [Tiếng Việt],https://kenhsinhvien.vn/t/conan-chap-372-tieng-viet.767432/
CONAN chap 371 [Tiếng Việt],https://kenhsinhvien.vn/t/conan-chap-371-tieng-viet.767431/
CONAN chap 370 [Tiếng Việt],https://kenhsinhvien.vn/t/conan-chap-370-tieng-viet.767430/
CONAN chap 369 [Tiếng Việt],https://kenhsinhvien.vn/t/conan-chap-369-tieng-viet.767429/
CONAN chap 368 [Tiếng Việt],https://kenhsinhvien.vn/t/conan-chap-368-tieng-viet.767428/
CONAN chap 367 [Tiếng Việt],https://kenhsinhvien.vn/t/conan-chap-367-tieng-viet.767427/
CONAN chap 366 [Tiếng Việt],https://kenhsinhvien.vn/t/conan-chap-366-tieng-viet.767426/
CONAN chap 365 [Tiếng Việt],https://kenhsinhvien.vn/t/conan-chap-365-tieng-viet.767425/
CONAN chap 364 [Tiếng Việt],https://kenhsinhvien.vn/t/conan-chap-364-tieng-viet.767424/
CONAN chap 363 [Tiếng Việt],https://kenhsinhvien.vn/t/conan-chap-363-tieng-viet.767423/
CONAN chap 362 [Tiếng Việt],https://kenhsinhvien.vn/t/conan-chap-362-tieng-viet.767422/
CONAN chap 361 [Tiếng Việt],https://kenhsinhvien.vn/t/conan-chap-361-tieng-viet.767420/
CONAN chap 360 [Tiếng Việt],https://kenhsinhvien.vn/t/conan-chap-360-tieng-viet.767419/
CONAN chap 359 [Tiếng Việt],https://kenhsinhvien.vn/t/conan-chap-359-tieng-viet.767418/
CONAN chap 358 [Tiếng Việt],https://kenhsinhvien.vn/t/conan-chap-358-tieng-viet.767417/
CONAN chap 357 [Tiếng Việt],https://kenhsinhvien.vn/t/conan-chap-357-tieng-viet.767416/
CONAN chap 356 [Tiếng Việt],https://kenhsinhvien.vn/t/conan-chap-356-tieng-viet.767415/
CONAN chap 355 [Tiếng Việt],https://kenhsinhvien.vn/t/conan-chap-355-tieng-viet.767414/
CONAN chap 354 [Tiếng Việt],https://kenhsinhvien.vn/t/conan-chap-354-tieng-viet.767413/
CONAN chap 353 [Tiếng Việt],https://kenhsinhvien.vn/t/conan-chap-353-tieng-viet.767412/
CONAN chap 352 [Tiếng Việt],https://kenhsinhvien.vn/t/conan-chap-352-tieng-viet.767411/
CONAN chap 351 [Tiếng Việt],https://kenhsinhvien.vn/t/conan-chap-351-tieng-viet.767410/
CONAN chap 350 [Tiếng Việt],https://kenhsinhvien.vn/t/conan-chap-350-tieng-viet.767408/
CONAN chap 349 [Tiếng Việt],https://kenhsinhvien.vn/t/conan-chap-349-tieng-viet.767407/
CONAN chap 348 [Tiếng Việt],https://kenhsinhvien.vn/t/conan-chap-348-tieng-viet.767406/
CONAN chap 347 [Tiếng Việt],https://kenhsinhvien.vn/t/conan-chap-347-tieng-viet.767405/
CONAN chap 346 [Tiếng Việt],https://kenhsinhvien.vn/t/conan-chap-346-tieng-viet.767404/
CONAN chap 345 [Tiếng Việt],https://kenhsinhvien.vn/t/conan-chap-345-tieng-viet.767403/
CONAN chap 344 [Tiếng Việt],https://kenhsinhvien.vn/t/conan-chap-344-tieng-viet.767402/
CONAN chap 343 [Tiếng Việt],https://kenhsinhvien.vn/t/conan-chap-343-tieng-viet.767401/
CONAN chap 342 [Tiếng Việt],https://kenhsinhvien.vn/t/conan-chap-342-tieng-viet.767400/
CONAN chap 341 [Tiếng Việt],https://kenhsinhvien.vn/t/conan-chap-341-tieng-viet.767399/
CONAN chap 340 [Tiếng Việt],https://kenhsinhvien.vn/t/conan-chap-340-tieng-viet.767398/
CONAN chap 339 [Tiếng Việt],https://kenhsinhvien.vn/t/conan-chap-339-tieng-viet.767396/
CONAN chap 338 [Tiếng Việt],https://kenhsinhvien.vn/t/conan-chap-338-tieng-viet.767395/
CONAN chap 337 [Tiếng Việt],https://kenhsinhvien.vn/t/conan-chap-337-tieng-viet.767394/
CONAN chap 336 [Tiếng Việt],https://kenhsinhvien.vn/t/conan-chap-336-tieng-viet.767393/
CONAN chap 335 [Tiếng Việt],https://kenhsinhvien.vn/t/conan-chap-335-tieng-viet.767392/
CONAN chap 334 [Tiếng Việt],https://kenhsinhvien.vn/t/conan-chap-334-tieng-viet.754368/
CONAN chap 333 [Tiếng Việt],https://kenhsinhvien.vn/t/conan-chap-333-tieng-viet.754366/
CONAN chap 332 [Tiếng Việt],https://kenhsinhvien.vn/t/conan-chap-332-tieng-viet.754365/
CONAN chap 331 [Tiếng Việt],https://kenhsinhvien.vn/t/conan-chap-331-tieng-viet.754364/
CONAN chap 330 [Tiếng Việt],https://kenhsinhvien.vn/t/conan-chap-330-tieng-viet.754196/
CONAN chap 329 [Tiếng Việt],https://kenhsinhvien.vn/t/conan-chap-329-tieng-viet.754194/
CONAN chap 328 [Tiếng Việt],https://kenhsinhvien.vn/t/conan-chap-328-tieng-viet.754192/
CONAN chap 327 [Tiếng Việt],https://kenhsinhvien.vn/t/conan-chap-327-tieng-viet.754098/
CONAN chap 326 [Tiếng Việt],https://kenhsinhvien.vn/t/conan-chap-326-tieng-viet.754097/
CONAN chap 325 [Tiếng Việt],https://kenhsinhvien.vn/t/conan-chap-325-tieng-viet.754076/
CONAN chap 324 [Tiếng Việt],https://kenhsinhvien.vn/t/conan-chap-324-tieng-viet.754075/
CONAN chap 323 [Tiếng Việt],https://kenhsinhvien.vn/t/conan-chap-323-tieng-viet.754060/
CONAN chap 322 [Tiếng Việt],https://kenhsinhvien.vn/t/conan-chap-322-tieng-viet.754058/
CONAN chap 321 [Tiếng Việt],https://kenhsinhvien.vn/t/conan-chap-321-tieng-viet.744086/
CONAN chap 320 [Tiếng Việt],https://kenhsinhvien.vn/t/conan-chap-320-tieng-viet.744084/
CONAN chap 319 [Tiếng Việt],https://kenhsinhvien.vn/t/conan-chap-319-tieng-viet.744083/
CONAN chap 318 [Tiếng Việt],https://kenhsinhvien.vn/t/conan-chap-318-tieng-viet.743671/
CONAN chap 317 [Tiếng Việt],https://kenhsinhvien.vn/t/conan-chap-317-tieng-viet.735786/
CONAN chap 316 [Tiếng Việt],https://kenhsinhvien.vn/t/conan-chap-316-tieng-viet.735785/
CONAN chap 315 [Tiếng Việt],https://kenhsinhvien.vn/t/conan-chap-315-tieng-viet.735784/
CONAN chap 314 [Tiếng Việt],https://kenhsinhvien.vn/t/conan-chap-314-tieng-viet.738353/
CONAN chap 313 [Tiếng Việt],https://kenhsinhvien.vn/t/conan-chap-313-tieng-viet.735783/
CONAN chap 312 [Tiếng Việt],https://kenhsinhvien.vn/t/conan-chap-312-tieng-viet.735782/
CONAN chap 311 [Tiếng Việt],https://kenhsinhvien.vn/t/conan-chap-311-tieng-viet.735781/
CONAN chap 310 [Tiếng Việt],https://kenhsinhvien.vn/t/conan-chap-310-tieng-viet.735780/
CONAN chap 309 [Tiếng Việt],https://kenhsinhvien.vn/t/conan-chap-309-tieng-viet.735779/
CONAN chap 308 [Tiếng Việt],https://kenhsinhvien.vn/t/conan-chap-308-tieng-viet.735778/
CONAN chap 307 [Tiếng Việt],https://kenhsinhvien.vn/t/conan-chap-307-tieng-viet.735773/
CONAN chap 306 [Tiếng Việt],https://kenhsinhvien.vn/t/conan-chap-306-tieng-viet.735760/
CONAN chap 305 [Tiếng Việt],https://kenhsinhvien.vn/t/conan-chap-305-tieng-viet.735764/
CONAN chap 304 [Tiếng Việt],https://kenhsinhvien.vn/t/conan-chap-304-tieng-viet.735765/
CONAN chap 303 [Tiếng Việt],https://kenhsinhvien.vn/t/conan-chap-303-tieng-viet.735766/
CONAN chap 302 [Tiếng Việt],https://kenhsinhvien.vn/t/conan-chap-302-tieng-viet.735767/
CONAN chap 301 [Tiếng Việt],https://kenhsinhvien.vn/t/conan-chap-301-tieng-viet.735762/
CONAN chap 300 [Tiếng Việt],https://kenhsinhvien.vn/t/conan-chap-300-tieng-viet.735768/
CONAN chap 299 [Tiếng Việt],https://kenhsinhvien.vn/t/conan-chap-299-tieng-viet.735769/
CONAN chap 298 [Tiếng Việt],https://kenhsinhvien.vn/t/conan-chap-298-tieng-viet.735770/
CONAN chap 297 [Tiếng Việt],https://kenhsinhvien.vn/t/conan-chap-297-tieng-viet.735759/
CONAN chap 296 [Tiếng Việt],https://kenhsinhvien.vn/t/conan-chap-296-tieng-viet.735771/
CONAN chap 295 [Tiếng Việt],https://kenhsinhvien.vn/t/conan-chap-295-tieng-viet.735748/
CONAN chap 294 [Tiếng Việt],https://kenhsinhvien.vn/t/conan-chap-294-tieng-viet.735749/
CONAN chap 293 [Tiếng Việt],https://kenhsinhvien.vn/t/conan-chap-293-tieng-viet.735750/
CONAN chap 292 [Tiếng Việt],https://kenhsinhvien.vn/t/conan-chap-292-tieng-viet.735751/
CONAN chap 291 [Tiếng Việt],https://kenhsinhvien.vn/t/conan-chap-291-tieng-viet.735752/
CONAN chap 290 [Tiếng Việt],https://kenhsinhvien.vn/t/conan-chap-290-tieng-viet.735753/
CONAN chap 289 [Tiếng Việt],https://kenhsinhvien.vn/t/conan-chap-289-tieng-viet.735744/
CONAN chap 288 [Tiếng Việt],https://kenhsinhvien.vn/t/conan-chap-288-tieng-viet.735746/
CONAN chap 287 [Tiếng Việt],https://kenhsinhvien.vn/t/conan-chap-287-tieng-viet.735743/
CONAN chap 286 [Tiếng Việt],https://kenhsinhvien.vn/t/conan-chap-286-tieng-viet.735741/
CONAN chap 285 [Tiếng Việt],https://kenhsinhvien.vn/t/conan-chap-285-tieng-viet.735742/
CONAN chap 284 [Tiếng Việt],https://kenhsinhvien.vn/t/conan-chap-284-tieng-viet.735740/
CONAN chap 283 [Tiếng Việt],https://kenhsinhvien.vn/t/conan-chap-283-tieng-viet.735739/
CONAN chap 282 [Tiếng Việt],https://kenhsinhvien.vn/t/conan-chap-282-tieng-viet.735738/
CONAN chap 281 [Tiếng Việt],https://kenhsinhvien.vn/t/conan-chap-281-tieng-viet.735728/
CONAN chap 280 [Tiếng Việt],https://kenhsinhvien.vn/t/conan-chap-280-tieng-viet.735737/
CONAN chap 279 [Tiếng Việt],https://kenhsinhvien.vn/t/conan-chap-279-tieng-viet.735729/
CONAN chap 278 [Tiếng Việt],https://kenhsinhvien.vn/t/conan-chap-278-tieng-viet.735736/
CONAN chap 277 [Tiếng Việt],https://kenhsinhvien.vn/t/conan-chap-277-tieng-viet.735735/
CONAN chap 276 [Tiếng Việt],https://kenhsinhvien.vn/t/conan-chap-276-tieng-viet.735734/
CONAN chap 275 [Tiếng Việt],https://kenhsinhvien.vn/t/conan-chap-275-tieng-viet.735732/
CONAN chap 274 [Tiếng Việt],https://kenhsinhvien.vn/t/conan-chap-274-tieng-viet.735730/
CONAN chap 273 [Tiếng Việt],https://kenhsinhvien.vn/t/conan-chap-273-tieng-viet.735718/
CONAN chap 272 [Tiếng Việt],https://kenhsinhvien.vn/t/conan-chap-272-tieng-viet.735717/
CONAN chap 271 [Tiếng Việt],https://kenhsinhvien.vn/t/conan-chap-271-tieng-viet.735725/
CONAN chap 270 [Tiếng Việt],https://kenhsinhvien.vn/t/conan-chap-270-tieng-viet.735724/
CONAN chap 269 [Tiếng Việt],https://kenhsinhvien.vn/t/conan-chap-269-tieng-viet.735719/
CONAN chap 268 [Tiếng Việt],https://kenhsinhvien.vn/t/conan-chap-268-tieng-viet.735723/
CONAN chap 267 [Tiếng Việt],https://kenhsinhvien.vn/t/conan-chap-267-tieng-viet.735720/
CONAN chap 266 [Tiếng Việt],https://kenhsinhvien.vn/t/conan-chap-266-tieng-viet.735722/
CONAN chap 265 [Tiếng Việt],https://kenhsinhvien.vn/t/conan-chap-265-tieng-viet.735721/
CONAN chap 264 [Tiếng Việt],https://kenhsinhvien.vn/t/conan-chap-264-tieng-viet.735716/
CONAN chap 263 [Tiếng Việt],https://kenhsinhvien.vn/t/conan-chap-263-tieng-viet.735706/
CONAN chap 262 [Tiếng Việt],https://kenhsinhvien.vn/t/conan-chap-262-tieng-viet.735709/
CONAN chap 261 [Tiếng Việt],https://kenhsinhvien.vn/t/conan-chap-261-tieng-viet.735710/
CONAN chap 260 [Tiếng Việt],https://kenhsinhvien.vn/t/conan-chap-260-tieng-viet.735711/
CONAN chap 259 [Tiếng Việt],https://kenhsinhvien.vn/t/conan-chap-259-tieng-viet.735712/
CONAN chap 258 [Tiếng Việt],https://kenhsinhvien.vn/t/conan-chap-258-tieng-viet.735707/
CONAN chap 257 [Tiếng Việt],https://kenhsinhvien.vn/t/conan-chap-257-tieng-viet.735708/
CONAN chap 256 [Tiếng Việt],https://kenhsinhvien.vn/t/conan-chap-256-tieng-viet.735713/
CONAN chap 255 [Tiếng Việt],https://kenhsinhvien.vn/t/conan-chap-255-tieng-viet.735714/
CONAN chap 254 [Tiếng Việt],https://kenhsinhvien.vn/t/conan-chap-254-tieng-viet.735705/
CONAN chap 253 [Tiếng Việt],https://kenhsinhvien.vn/t/conan-chap-253-tieng-viet.735691/
CONAN chap 252 [Tiếng Việt],https://kenhsinhvien.vn/t/conan-chap-252-tieng-viet.735698/
CONAN chap 251 [Tiếng Việt],https://kenhsinhvien.vn/t/conan-chap-251-tieng-viet.735693/
CONAN chap 250 [Tiếng Việt],https://kenhsinhvien.vn/t/conan-chap-250-tieng-viet.735687/
CONAN chap 249 [Tiếng Việt],https://kenhsinhvien.vn/t/conan-chap-249-tieng-viet.735699/
CONAN chap 248 [Tiếng Việt],https://kenhsinhvien.vn/t/conan-chap-248-tieng-viet.735704/
CONAN chap 247 [Tiếng Việt],https://kenhsinhvien.vn/t/conan-chap-247-tieng-viet.735703/
CONAN chap 246 [Tiếng Việt],https://kenhsinhvien.vn/t/conan-chap-246-tieng-viet.735692/
CONAN chap 245 [Tiếng Việt],https://kenhsinhvien.vn/t/conan-chap-245-tieng-viet.735685/
CONAN chap 244 [Tiếng Việt],https://kenhsinhvien.vn/t/conan-chap-244-tieng-viet.735702/
CONAN chap 243 [Tiếng Việt],https://kenhsinhvien.vn/t/conan-chap-243-tieng-viet.735701/
CONAN chap 242 [Tiếng Việt],https://kenhsinhvien.vn/t/conan-chap-242-tieng-viet.735678/
CONAN chap 241 [Tiếng Việt],https://kenhsinhvien.vn/t/conan-chap-241-tieng-viet.735679/
CONAN chap 240 [Tiếng Việt],https://kenhsinhvien.vn/t/conan-chap-240-tieng-viet.735677/
CONAN chap 239 [Tiếng Việt],https://kenhsinhvien.vn/t/conan-chap-239-tieng-viet.735680/
CONAN chap 238 [Tiếng Việt],https://kenhsinhvien.vn/t/conan-chap-238-tieng-viet.735671/
CONAN chap 237 [Tiếng Việt],https://kenhsinhvien.vn/t/conan-chap-237-tieng-viet.735681/
CONAN chap 236 [Tiếng Việt],https://kenhsinhvien.vn/t/conan-chap-236-tieng-viet.735682/
CONAN chap 235 [Tiếng Việt],https://kenhsinhvien.vn/t/conan-chap-235-tieng-viet.735683/
CONAN chap 234 [Tiếng Việt],https://kenhsinhvien.vn/t/conan-chap-234-tieng-viet.735684/
CONAN chap 233 [Tiếng Việt],https://kenhsinhvien.vn/t/conan-chap-233-tieng-viet.735675/
CONAN chap 232 [Tiếng Việt],https://kenhsinhvien.vn/t/conan-chap-232-tieng-viet.735674/
CONAN chap 231 [Tiếng Việt],https://kenhsinhvien.vn/t/conan-chap-231-tieng-viet.735659/
CONAN chap 230 [Tiếng Việt],https://kenhsinhvien.vn/t/conan-chap-230-tieng-viet.735670/
CONAN chap 229 [Tiếng Việt],https://kenhsinhvien.vn/t/conan-chap-229-tieng-viet.735669/
CONAN chap 228 [Tiếng Việt],https://kenhsinhvien.vn/t/conan-chap-228-tieng-viet.735667/
CONAN chap 227 [Tiếng Việt],https://kenhsinhvien.vn/t/conan-chap-227-tieng-viet.735666/
CONAN chap 226 [Tiếng Việt],https://kenhsinhvien.vn/t/conan-chap-226-tieng-viet.735665/
CONAN chap 225 [Tiếng Việt],https://kenhsinhvien.vn/t/conan-chap-225-tieng-viet.735664/
CONAN chap 224 [Tiếng Việt],https://kenhsinhvien.vn/t/conan-chap-224-tieng-viet.735663/
CONAN chap 223 [Tiếng Việt],https://kenhsinhvien.vn/t/conan-chap-223-tieng-viet.735662/
CONAN chap 222 [Tiếng Việt],https://kenhsinhvien.vn/t/conan-chap-222-tieng-viet.735660/
CONAN chap 221 [Tiếng Việt],https://kenhsinhvien.vn/t/conan-chap-221-tieng-viet.735648/
CONAN chap 220 [Tiếng Việt],https://kenhsinhvien.vn/t/conan-chap-220-tieng-viet.735649/
CONAN chap 219 [Tiếng Việt],https://kenhsinhvien.vn/t/conan-chap-219-tieng-viet.735650/
CONAN chap 218 [Tiếng Việt],https://kenhsinhvien.vn/t/conan-chap-218-tieng-viet.735652/
CONAN chap 217 [Tiếng Việt],https://kenhsinhvien.vn/t/conan-chap-217-tieng-viet.735653/
CONAN chap 216 [Tiếng Việt],https://kenhsinhvien.vn/t/conan-chap-216-tieng-viet.735654/
CONAN chap 215 [Tiếng Việt],https://kenhsinhvien.vn/t/conan-chap-215-tieng-viet.735655/
CONAN chap 214 [Tiếng Việt],https://kenhsinhvien.vn/t/conan-chap-214-tieng-viet.735657/
CONAN chap 213 [Tiếng Việt],https://kenhsinhvien.vn/t/conan-chap-213-tieng-viet.735658/
CONAN chap 212 [Tiếng Việt],https://kenhsinhvien.vn/t/conan-chap-212-tieng-viet.735646/
CONAN chap 211 [Tiếng Việt],https://kenhsinhvien.vn/t/conan-chap-211-tieng-viet.735644/
CONAN chap 210 [Tiếng Việt],https://kenhsinhvien.vn/t/conan-chap-210-tieng-viet.735635/
CONAN chap 209 [Tiếng Việt],https://kenhsinhvien.vn/t/conan-chap-209-tieng-viet.735638/
CONAN chap 208 [Tiếng Việt],https://kenhsinhvien.vn/t/conan-chap-208-tieng-viet.735636/
CONAN chap 207 [Tiếng Việt],https://kenhsinhvien.vn/t/conan-chap-207-tieng-viet.735643/
CONAN chap 206 [Tiếng Việt],https://kenhsinhvien.vn/t/conan-chap-206-tieng-viet.735642/
CONAN chap 205 [Tiếng Việt],https://kenhsinhvien.vn/t/conan-chap-205-tieng-viet.735641/
CONAN chap 204 [Tiếng Việt],https://kenhsinhvien.vn/t/conan-chap-204-tieng-viet.735640/
CONAN chap 203 [Tiếng Việt],https://kenhsinhvien.vn/t/conan-chap-203-tieng-viet.735633/
CONAN chap 202 [Tiếng Việt],https://kenhsinhvien.vn/t/conan-chap-202-tieng-viet.735639/
CONAN chap 201 [Tiếng Việt],https://kenhsinhvien.vn/t/conan-chap-201-tieng-viet.735632/
CONAN chap 200 [Tiếng Việt],https://kenhsinhvien.vn/t/conan-chap-200-tieng-viet.735607/
CONAN chap 199 [Tiếng Việt],https://kenhsinhvien.vn/t/conan-chap-199-tieng-viet.735631/
CONAN chap 198 [Tiếng Việt],https://kenhsinhvien.vn/t/conan-chap-198-tieng-viet.735603/
CONAN chap 197 [Tiếng Việt],https://kenhsinhvien.vn/t/conan-chap-197-tieng-viet.735606/
CONAN chap 196 [Tiếng Việt],https://kenhsinhvien.vn/t/conan-chap-196-tieng-viet.735630/
CONAN chap 195 [Tiếng Việt],https://kenhsinhvien.vn/t/conan-chap-195-tieng-viet.735629/
CONAN chap 194 [Tiếng Việt],https://kenhsinhvien.vn/t/conan-chap-194-tieng-viet.735628/
CONAN chap 193 [Tiếng Việt],https://kenhsinhvien.vn/t/conan-chap-193-tieng-viet.735627/
CONAN chap 192 [Tiếng Việt],https://kenhsinhvien.vn/t/conan-chap-192-tieng-viet.735626/
CONAN chap 191 [Tiếng Việt],https://kenhsinhvien.vn/t/conan-chap-191-tieng-viet.735605/
CONAN chap 190 [Tiếng Việt],https://kenhsinhvien.vn/t/conan-chap-190-tieng-viet.735594/
CONAN chap 189 [Tiếng Việt],https://kenhsinhvien.vn/t/conan-chap-189-tieng-viet.735602/
CONAN chap 188 [Tiếng Việt],https://kenhsinhvien.vn/t/conan-chap-188-tieng-viet.735601/
CONAN chap 187 [Tiếng Việt],https://kenhsinhvien.vn/t/conan-chap-187-tieng-viet.735600/
CONAN chap 186 [Tiếng Việt],https://kenhsinhvien.vn/t/conan-chap-186-tieng-viet.735599/
CONAN chap 185 [Tiếng Việt],https://kenhsinhvien.vn/t/conan-chap-185-tieng-viet.735598/
CONAN chap 184 [Tiếng Việt],https://kenhsinhvien.vn/t/conan-chap-184-tieng-viet.735597/
CONAN chap 183 [Tiếng Việt],https://kenhsinhvien.vn/t/conan-chap-183-tieng-viet.735596/
CONAN chap 182 [Tiếng Việt],https://kenhsinhvien.vn/t/conan-chap-182-tieng-viet.735593/
CONAN chap 181 [Tiếng Việt],https://kenhsinhvien.vn/t/conan-chap-181-tieng-viet.735595/
CONAN chap 180 [Tiếng Việt],https://kenhsinhvien.vn/t/conan-chap-180-tieng-viet.735592/
CONAN chap 179 [Tiếng Việt],https://kenhsinhvien.vn/t/conan-chap-179-tieng-viet.735591/
CONAN chap 178 [Tiếng Việt],https://kenhsinhvien.vn/t/conan-chap-178-tieng-viet.735584/
CONAN chap 177 [Tiếng Việt],https://kenhsinhvien.vn/t/conan-chap-177-tieng-viet.735590/
CONAN chap 176 [Tiếng Việt],https://kenhsinhvien.vn/t/conan-chap-176-tieng-viet.735589/
CONAN chap 175 [Tiếng Việt],https://kenhsinhvien.vn/t/conan-chap-175-tieng-viet.735588/
CONAN chap 174 [Tiếng Việt],https://kenhsinhvien.vn/t/conan-chap-174-tieng-viet.735587/
CONAN chap 173 [Tiếng Việt],https://kenhsinhvien.vn/t/conan-chap-173-tieng-viet.735586/
CONAN chap 172 [Tiếng Việt],https://kenhsinhvien.vn/t/conan-chap-172-tieng-viet.735585/
CONAN chap 171 [Tiếng Việt],https://kenhsinhvien.vn/t/conan-chap-171-tieng-viet.735582/
CONAN chap 170 [Tiếng Việt],https://kenhsinhvien.vn/t/conan-chap-170-tieng-viet.735581/
CONAN chap 169 [Tiếng Việt],https://kenhsinhvien.vn/t/conan-chap-169-tieng-viet.735580/
CONAN chap 168 [Tiếng Việt],https://kenhsinhvien.vn/t/conan-chap-168-tieng-viet.735579/
CONAN chap 167 [Tiếng Việt],https://kenhsinhvien.vn/t/conan-chap-167-tieng-viet.735578/
CONAN chap 166 [Tiếng Việt],https://kenhsinhvien.vn/t/conan-chap-166-tieng-viet.735577/
CONAN chap 165 [Tiếng Việt],https://kenhsinhvien.vn/t/conan-chap-165-tieng-viet.735576/
CONAN chap 164 [Tiếng Việt],https://kenhsinhvien.vn/t/conan-chap-164-tieng-viet.735575/
CONAN chap 163 [Tiếng Việt],https://kenhsinhvien.vn/t/conan-chap-163-tieng-viet.735574/
CONAN chap 162 [Tiếng Việt],https://kenhsinhvien.vn/t/conan-chap-162-tieng-viet.735572/
CONAN chap 161 [Tiếng Việt],https://kenhsinhvien.vn/t/conan-chap-161-tieng-viet.735571/
CONAN chap 160 [Tiếng Việt],https://kenhsinhvien.vn/t/conan-chap-160-tieng-viet.735570/
CONAN chap 159 [Tiếng Việt],https://kenhsinhvien.vn/t/conan-chap-159-tieng-viet.735569/
CONAN chap 158 [Tiếng Việt],https://kenhsinhvien.vn/t/conan-chap-158-tieng-viet.735568/
CONAN chap 157 [Tiếng Việt],https://kenhsinhvien.vn/t/conan-chap-157-tieng-viet.735567/
CONAN chap 156 [Tiếng Việt],https://kenhsinhvien.vn/t/conan-chap-156-tieng-viet.735566/
CONAN chap 155 [Tiếng Việt],https://kenhsinhvien.vn/t/conan-chap-155-tieng-viet.735565/
CONAN chap 154 [Tiếng Việt],https://kenhsinhvien.vn/t/conan-chap-154-tieng-viet.735564/
CONAN chap 153 [Tiếng Việt],https://kenhsinhvien.vn/t/conan-chap-153-tieng-viet.735563/
CONAN chap 152 [Tiếng Việt],https://kenhsinhvien.vn/t/conan-chap-152-tieng-viet.735562/
CONAN chap 151 [Tiếng Việt],https://kenhsinhvien.vn/t/conan-chap-151-tieng-viet.735561/
CONAN chap 150 [Tiếng Việt],https://kenhsinhvien.vn/t/conan-chap-150-tieng-viet.735560/
CONAN chap 149 [Tiếng Việt],https://kenhsinhvien.vn/t/conan-chap-149-tieng-viet.735559/
CONAN chap 148 [Tiếng Việt],https://kenhsinhvien.vn/t/conan-chap-148-tieng-viet.735558/
CONAN chap 147 [Tiếng Việt],https://kenhsinhvien.vn/t/conan-chap-147-tieng-viet.735557/
CONAN chap 146 [Tiếng Việt],https://kenhsinhvien.vn/t/conan-chap-146-tieng-viet.735556/
CONAN chap 145 [Tiếng Việt],https://kenhsinhvien.vn/t/conan-chap-145-tieng-viet.735555/
CONAN chap 144 [Tiếng Việt],https://kenhsinhvien.vn/t/conan-chap-144-tieng-viet.735554/
CONAN chap 143 [Tiếng Việt],https://kenhsinhvien.vn/t/conan-chap-143-tieng-viet.735553/
CONAN chap 142 [Tiếng Việt],https://kenhsinhvien.vn/t/conan-chap-142-tieng-viet.735552/
CONAN chap 141 [Tiếng Việt],https://kenhsinhvien.vn/t/conan-chap-141-tieng-viet.735551/
CONAN chap 140 [Tiếng Việt],https://kenhsinhvien.vn/t/conan-chap-140-tieng-viet.735550/
CONAN chap 139 [Tiếng Việt],https://kenhsinhvien.vn/t/conan-chap-139-tieng-viet.735549/
CONAN chap 138 [Tiếng Việt],https://kenhsinhvien.vn/t/conan-chap-138-tieng-viet.735548/
CONAN chap 137 [Tiếng Việt],https://kenhsinhvien.vn/t/conan-chap-137-tieng-viet.735547/
CONAN chap 136 [Tiếng Việt],https://kenhsinhvien.vn/t/conan-chap-136-tieng-viet.735546/
CONAN chap 135 [Tiếng Việt],https://kenhsinhvien.vn/t/conan-chap-135-tieng-viet.735545/
CONAN chap 134 [Tiếng Việt],https://kenhsinhvien.vn/t/conan-chap-134-tieng-viet.735544/
CONAN chap 133 [Tiếng Việt],https://kenhsinhvien.vn/t/conan-chap-133-tieng-viet.735543/
CONAN chap 132 [Tiếng Việt],https://kenhsinhvien.vn/t/conan-chap-132-tieng-viet.735542/
CONAN chap 131 [Tiếng Việt],https://kenhsinhvien.vn/t/conan-chap-131-tieng-viet.735541/
CONAN chap 130 [Tiếng Việt],https://kenhsinhvien.vn/t/conan-chap-130-tieng-viet.735540/
CONAN chap 129 [Tiếng Việt],https://kenhsinhvien.vn/t/conan-chap-129-tieng-viet.735539/
CONAN chap 128 [Tiếng Việt],https://kenhsinhvien.vn/t/conan-chap-128-tieng-viet.735538/
CONAN chap 127 [Tiếng Việt],https://kenhsinhvien.vn/t/conan-chap-127-tieng-viet.735537/
CONAN chap 126 [Tiếng Việt],https://kenhsinhvien.vn/t/conan-chap-126-tieng-viet.735536/
CONAN chap 125 [Tiếng Việt],https://kenhsinhvien.vn/t/conan-chap-125-tieng-viet.735535/
CONAN chap 124 [Tiếng Việt],https://kenhsinhvien.vn/t/conan-chap-124-tieng-viet.735534/
CONAN chap 123 [Tiếng Việt],https://kenhsinhvien.vn/t/conan-chap-123-tieng-viet.735533/
CONAN chap 122 [Tiếng Việt],https://kenhsinhvien.vn/t/conan-chap-122-tieng-viet.735532/
CONAN chap 121 [Tiếng Việt],https://kenhsinhvien.vn/t/conan-chap-121-tieng-viet.735531/
CONAN chap 120 [Tiếng Việt],https://kenhsinhvien.vn/t/conan-chap-120-tieng-viet.735530/
CONAN chap 119 [Tiếng Việt],https://kenhsinhvien.vn/t/conan-chap-119-tieng-viet.735529/
CONAN chap 118 [Tiếng Việt],https://kenhsinhvien.vn/t/conan-chap-118-tieng-viet.735528/
CONAN chap 117 [Tiếng Việt],https://kenhsinhvien.vn/t/conan-chap-117-tieng-viet.735527/
CONAN chap 116 [Tiếng Việt],https://kenhsinhvien.vn/t/conan-chap-116-tieng-viet.735526/
CONAN chap 115 [Tiếng Việt],https://kenhsinhvien.vn/t/conan-chap-115-tieng-viet.735525/
CONAN chap 114 [Tiếng Việt],https://kenhsinhvien.vn/t/conan-chap-114-tieng-viet.735524/
CONAN chap 113 [Tiếng Việt],https://kenhsinhvien.vn/t/conan-chap-113-tieng-viet.735523/
CONAN chap 112 [Tiếng Việt],https://kenhsinhvien.vn/t/conan-chap-112-tieng-viet.735522/
CONAN chap 111 [Tiếng Việt],https://kenhsinhvien.vn/t/conan-chap-111-tieng-viet.735521/
CONAN chap 110 [Tiếng Việt],https://kenhsinhvien.vn/t/conan-chap-110-tieng-viet.735520/
CONAN chap 109 [Tiếng Việt],https://kenhsinhvien.vn/t/conan-chap-109-tieng-viet.735519/
CONAN chap 108 [Tiếng Việt],https://kenhsinhvien.vn/t/conan-chap-108-tieng-viet.735518/
CONAN chap 107 [Tiếng Việt],https://kenhsinhvien.vn/t/conan-chap-107-tieng-viet.735517/
CONAN chap 106 [Tiếng Việt],https://kenhsinhvien.vn/t/conan-chap-106-tieng-viet.735516/
CONAN chap 105 [Tiếng Việt],https://kenhsinhvien.vn/t/conan-chap-105-tieng-viet.735515/
CONAN chap 104 [Tiếng Việt],https://kenhsinhvien.vn/t/conan-chap-104-tieng-viet.735514/
CONAN chap 103 [Tiếng Việt],https://kenhsinhvien.vn/t/conan-chap-103-tieng-viet.735513/
CONAN chap 102 [Tiếng Việt],https://kenhsinhvien.vn/t/conan-chap-102-tieng-viet.735512/
CONAN chap 101 [Tiếng Việt],https://kenhsinhvien.vn/t/conan-chap-101-tieng-viet.735511/
CONAN chap 100 [Tiếng Việt],https://kenhsinhvien.vn/t/conan-chap-100-tieng-viet.735510/
CONAN chap 99 [Tiếng Việt],https://kenhsinhvien.vn/t/conan-chap-99-tieng-viet.735509/
CONAN chap 98 [Tiếng Việt],https://kenhsinhvien.vn/t/conan-chap-98-tieng-viet.735508/
CONAN chap 97 [Tiếng Việt],https://kenhsinhvien.vn/t/conan-chap-97-tieng-viet.735507/
CONAN chap 96 [Tiếng Việt],https://kenhsinhvien.vn/t/conan-chap-96-tieng-viet.735506/
CONAN chap 95 [Tiếng Việt],https://kenhsinhvien.vn/t/conan-chap-95-tieng-viet.735505/
CONAN chap 94 [Tiếng Việt],https://kenhsinhvien.vn/t/conan-chap-94-tieng-viet.735504/
CONAN chap 93 [Tiếng Việt],https://kenhsinhvien.vn/t/conan-chap-93-tieng-viet.735503/
CONAN chap 92 [Tiếng Việt],https://kenhsinhvien.vn/t/conan-chap-92-tieng-viet.735502/
CONAN chap 91 [Tiếng Việt],https://kenhsinhvien.vn/t/conan-chap-91-tieng-viet.735501/
CONAN chap 90 [Tiếng Việt],https://kenhsinhvien.vn/t/conan-chap-90-tieng-viet.735422/
CONAN chap 89 [Tiếng Việt],https://kenhsinhvien.vn/t/conan-chap-89-tieng-viet.735421/
CONAN chap 88 [Tiếng Việt],https://kenhsinhvien.vn/t/conan-chap-88-tieng-viet.735420/
CONAN chap 87 [Tiếng Việt],https://kenhsinhvien.vn/t/conan-chap-87-tieng-viet.735419/
CONAN chap 86 [Tiếng Việt],https://kenhsinhvien.vn/t/conan-chap-86-tieng-viet.735418/
CONAN chap 85 [Tiếng Việt],https://kenhsinhvien.vn/t/conan-chap-85-tieng-viet.735417/
CONAN chap 84 [Tiếng Việt],https://kenhsinhvien.vn/t/conan-chap-84-tieng-viet.735416/
CONAN chap 83 [Tiếng Việt],https://kenhsinhvien.vn/t/conan-chap-83-tieng-viet.735415/
CONAN chap 82 [Tiếng Việt],https://kenhsinhvien.vn/t/conan-chap-82-tieng-viet.735414/
CONAN chap 81 [Tiếng Việt],https://kenhsinhvien.vn/t/conan-chap-81-tieng-viet.735413/
CONAN chap 80 [Tiếng Việt],https://kenhsinhvien.vn/t/conan-chap-80-tieng-viet.735412/
CONAN chap 79 [Tiếng Việt],https://kenhsinhvien.vn/t/conan-chap-79-tieng-viet.735411/
CONAN chap 78 [Tiếng Việt],https://kenhsinhvien.vn/t/conan-chap-78-tieng-viet.735410/
CONAN chap 77 [Tiếng Việt],https://kenhsinhvien.vn/t/conan-chap-77-tieng-viet.735409/
CONAN chap 76 [Tiếng Việt],https://kenhsinhvien.vn/t/conan-chap-76-tieng-viet.735408/
CONAN chap 75 [Tiếng Việt],https://kenhsinhvien.vn/t/conan-chap-75-tieng-viet.735407/
CONAN chap 74 [Tiếng Việt],https://kenhsinhvien.vn/t/conan-chap-74-tieng-viet.735406/
CONAN chap 73 [Tiếng Việt],https://kenhsinhvien.vn/t/conan-chap-73-tieng-viet.735405/
CONAN chap 72 [Tiếng Việt],https://kenhsinhvien.vn/t/conan-chap-72-tieng-viet.735404/
CONAN chap 71 [Tiếng Việt],https://kenhsinhvien.vn/t/conan-chap-71-tieng-viet.735403/
CONAN chap 70 [Tiếng Việt],https://kenhsinhvien.vn/t/conan-chap-70-tieng-viet.735402/
CONAN chap 69 [Tiếng Việt],https://kenhsinhvien.vn/t/conan-chap-69-tieng-viet.735401/
CONAN chap 68 [Tiếng Việt],https://kenhsinhvien.vn/t/conan-chap-68-tieng-viet.735400/
CONAN chap 67 [Tiếng Việt],https://kenhsinhvien.vn/t/conan-chap-67-tieng-viet.735399/
CONAN chap 66 [Tiếng Việt],https://kenhsinhvien.vn/t/conan-chap-66-tieng-viet.735398/
CONAN chap 65 [Tiếng Việt],https://kenhsinhvien.vn/t/conan-chap-65-tieng-viet.735397/
CONAN chap 64 [Tiếng Việt],https://kenhsinhvien.vn/t/conan-chap-64-tieng-viet.735396/
CONAN chap 63 [Tiếng Việt],https://kenhsinhvien.vn/t/conan-chap-63-tieng-viet.735395/
CONAN chap 62 [Tiếng Việt],https://kenhsinhvien.vn/t/conan-chap-62-tieng-viet.735394/
CONAN chap 61 [Tiếng Việt],https://kenhsinhvien.vn/t/conan-chap-61-tieng-viet.735393/
CONAN chap 60 [Tiếng Việt],https://kenhsinhvien.vn/t/conan-chap-60-tieng-viet.735392/
CONAN chap 59 [Tiếng Việt],https://kenhsinhvien.vn/t/conan-chap-59-tieng-viet.735391/
CONAN chap 58 [Tiếng Việt],https://kenhsinhvien.vn/t/conan-chap-58-tieng-viet.735390/
CONAN chap 57 [Tiếng Việt],https://kenhsinhvien.vn/t/conan-chap-57-tieng-viet.735389/
CONAN chap 56 [Tiếng Việt],https://kenhsinhvien.vn/t/conan-chap-56-tieng-viet.735388/
CONAN chap 55 [Tiếng Việt],https://kenhsinhvien.vn/t/conan-chap-55-tieng-viet.735387/
CONAN chap 54 [Tiếng Việt],https://kenhsinhvien.vn/t/conan-chap-54-tieng-viet.735386/
CONAN chap 53 [Tiếng Việt],https://kenhsinhvien.vn/t/conan-chap-53-tieng-viet.735385/
CONAN chap 52 [Tiếng Việt],https://kenhsinhvien.vn/t/conan-chap-52-tieng-viet.735384/
CONAN chap 51 [Tiếng Việt],https://kenhsinhvien.vn/t/conan-chap-51-tieng-viet.735383/
CONAN chap 50 [Tiếng Việt],https://kenhsinhvien.vn/t/conan-chap-50-tieng-viet.735382/
CONAN chap 49 [Tiếng Việt],https://kenhsinhvien.vn/t/conan-chap-49-tieng-viet.735381/
CONAN chap 48 [Tiếng Việt],https://kenhsinhvien.vn/t/conan-chap-48-tieng-viet.735380/
CONAN chap 47 [Tiếng Việt],https://kenhsinhvien.vn/t/conan-chap-47-tieng-viet.735379/
CONAN chap 46 [Tiếng Việt],https://kenhsinhvien.vn/t/conan-chap-46-tieng-viet.735378/
CONAN chap 45 [Tiếng Việt],https://kenhsinhvien.vn/t/conan-chap-45-tieng-viet.735377/
CONAN chap 44 [Tiếng Việt],https://kenhsinhvien.vn/t/conan-chap-44-tieng-viet.735376/
CONAN chap 43 [Tiếng Việt],https://kenhsinhvien.vn/t/conan-chap-43-tieng-viet.735375/
CONAN chap 42 [Tiếng Việt],https://kenhsinhvien.vn/t/conan-chap-42-tieng-viet.735374/
CONAN chap 41 [Tiếng Việt],https://kenhsinhvien.vn/t/conan-chap-41-tieng-viet.735373/
CONAN chap 40 [Tiếng Việt],https://kenhsinhvien.vn/t/conan-chap-40-tieng-viet.735372/
CONAN chap 39 [Tiếng Việt],https://kenhsinhvien.vn/t/conan-chap-39-tieng-viet.735371/
CONAN chap 38 [Tiếng Việt],https://kenhsinhvien.vn/t/conan-chap-38-tieng-viet.735370/
CONAN chap 37 [Tiếng Việt],https://kenhsinhvien.vn/t/conan-chap-37-tieng-viet.735369/
CONAN chap 36 [Tiếng Việt],https://kenhsinhvien.vn/t/conan-chap-36-tieng-viet.735368/
CONAN chap 35 [Tiếng Việt],https://kenhsinhvien.vn/t/conan-chap-35-tieng-viet.735367/
CONAN chap 34 [Tiếng Việt],https://kenhsinhvien.vn/t/conan-chap-34-tieng-viet.735366/
CONAN chap 33 [Tiếng Việt],https://kenhsinhvien.vn/t/conan-chap-33-tieng-viet.735365/
CONAN chap 32 [Tiếng Việt],https://kenhsinhvien.vn/t/conan-chap-32-tieng-viet.735364/
CONAN chap 31 [Tiếng Việt],https://kenhsinhvien.vn/t/conan-chap-31-tieng-viet.735363/
CONAN chap 30 [Tiếng Việt],https://kenhsinhvien.vn/t/conan-chap-30-tieng-viet.735362/
CONAN chap 29 [Tiếng Việt],https://kenhsinhvien.vn/t/conan-chap-29-tieng-viet.735361/
CONAN chap 28 [Tiếng Việt],https://kenhsinhvien.vn/t/conan-chap-28-tieng-viet.735360/
CONAN chap 27 [Tiếng Việt],https://kenhsinhvien.vn/t/conan-chap-27-tieng-viet.735359/
CONAN chap 26 [Tiếng Việt],https://kenhsinhvien.vn/t/conan-chap-26-tieng-viet.735358/
CONAN chap 25 [Tiếng Việt],https://kenhsinhvien.vn/t/conan-chap-25-tieng-viet.735357/
CONAN chap 24 [Tiếng Việt],https://kenhsinhvien.vn/t/conan-chap-24-tieng-viet.735356/
CONAN chap 23 [Tiếng Việt],https://kenhsinhvien.vn/t/conan-chap-23-tieng-viet.735355/
CONAN chap 22 [Tiếng Việt],https://kenhsinhvien.vn/t/conan-chap-22-tieng-viet.735354/
CONAN chap 21 [Tiếng Việt],https://kenhsinhvien.vn/t/conan-chap-21-tieng-viet.735353/
CONAN chap 20 [Tiếng Việt],https://kenhsinhvien.vn/t/conan-chap-20-tieng-viet.735352/
CONAN chap 19 [Tiếng Việt],https://kenhsinhvien.vn/t/conan-chap-19-tieng-viet.735351/
CONAN chap 18 [Tiếng Việt],https://kenhsinhvien.vn/t/conan-chap-18-tieng-viet.735350/
CONAN chap 17 [Tiếng Việt],https://kenhsinhvien.vn/t/conan-chap-17-tieng-viet.735349/
CONAN chap 16 [Tiếng Việt],https://kenhsinhvien.vn/t/conan-chap-16-tieng-viet.735348/
CONAN chap 15 [Tiếng Việt],https://kenhsinhvien.vn/t/conan-chap-15-tieng-viet.735347/
CONAN chap 14 [Tiếng Việt],https://kenhsinhvien.vn/t/conan-chap-14-tieng-viet.735346/
CONAN chap 13 [Tiếng Việt],https://kenhsinhvien.vn/t/conan-chap-13-tieng-viet.735345/
CONAN chap 12 [Tiếng Việt],https://kenhsinhvien.vn/t/conan-chap-12-tieng-viet.735344/
CONAN chap 11 [Tiếng Việt],https://kenhsinhvien.vn/t/conan-chap-11-tieng-viet.735343/
CONAN chap 10 [Tiếng Việt],https://kenhsinhvien.vn/t/conan-chap-10-tieng-viet.735342/
CONAN chap 9 [Tiếng Việt],https://kenhsinhvien.vn/t/conan-chap-9-tieng-viet.735341/
CONAN chap 8 [Tiếng Việt],https://kenhsinhvien.vn/t/conan-chap-8-tieng-viet.735340/
CONAN chap 7 [Tiếng Việt],https://kenhsinhvien.vn/t/conan-chap-7-tieng-viet.735339/
CONAN chap 6 [Tiếng Việt],https://kenhsinhvien.vn/t/conan-chap-6-tieng-viet.735338/
CONAN chap 5 [Tiếng Việt],https://kenhsinhvien.vn/t/conan-chap-5-tieng-viet.735337/
CONAN chap 4 [Tiếng Việt],https://kenhsinhvien.vn/t/conan-chap-4-tieng-viet.735336/
CONAN chap 3 [Tiếng Việt],https://kenhsinhvien.vn/t/conan-chap-3-tieng-viet.735335/
CONAN chap 2 [Tiếng Việt],https://kenhsinhvien.vn/t/conan-chap-2-tieng-viet.735334/
CONAN chap 1 [Tiếng Việt],https://kenhsinhvien.vn/t/conan-chap-1-tieng-viet.735333/
